config,fk_diff_pos_mm,fk_diff_rot_deg,fk_ours_ms,fk_rdk_ms,ik_pieper_pos_mm,ik_pieper_rot_arcsec,ik_pieper_n_sols,ik_pieper_ms,ik_dls_pos_mm,ik_dls_rot_arcsec,ik_dls_n_sols,ik_dls_ms,ik_lm_pos_mm,ik_lm_rot_arcsec,ik_lm_n_sols,ik_lm_ms,ik_sdls_pos_mm,ik_sdls_rot_arcsec,ik_sdls_n_sols,ik_sdls_ms,ik_bfgs_pos_mm,ik_bfgs_rot_arcsec,ik_bfgs_n_sols,ik_bfgs_ms,ik_robodk_pos_mm,ik_robodk_rot_arcsec,ik_robodk_n_sols,ik_robodk_ms
zero,2.143131898507869e-15,0.0,0.6442992016673088,0.7189996540546417,0.0,0.0,3,0.420999713242054,0.05303820859916945,14.059354473858988,1,2.409699372947216,0.05363426061131069,7.025754412174509,1,1.841999590396881,0.05528343709358805,7.603597372906361,1,2.4741999804973602,0.11427624215997685,27.383104480973948,1,1365.6377997249365,1.3573168690549834e-14,0.0,1,0.537400133907795
J1+30,8.038873388460929e-14,0.0,0.12669991701841354,0.30460022389888763,5.684341886080802e-14,0.0,5,0.2476004883646965,0.0003248082439114218,0.2818328402710029,1,1.2726997956633568,0.0006112472986446675,0.04661322636196498,1,1.235099509358406,0.3415245315587235,106.27532596071006,1,1.2576999142765999,0.40513851607694545,31.87075458833887,1,11.035599745810032,8.038873388460929e-14,0.0,1,0.41479989886283875
J2+45,3.33562398762433e-14,0.0,0.11250004172325134,0.24140067398548126,0.0,0.0,3,0.17450004816055298,0.0638314905503922,7.262458259843308,1,0.9403005242347717,0.06412286497789643,7.707903174396083,1,0.9484002366662025,0.06420351130885486,8.301825686343847,1,1.1316007003188133,0.14766742745907876,29.19147957573166,1,12.690899893641472,1.218871079122509e-13,0.0,1,0.507100485265255
J3-30,5.974469253728935e-14,0.0,0.1221001148223877,0.3223000094294548,5.684341886080802e-14,0.0,3,0.1788996160030365,0.008834886210359917,1.6407648405894086,1,1.5938002616167068,0.008628724938534275,1.0850408504928017,1,2.0820004865527153,0.008488189955163006,0.7300783740443851,1,3.0027003958821297,0.35387794644199655,21.880315213919612,1,9.433000348508358,1.6350271672459108e-13,0.0,1,0.46429969370365143
J5+90,2.755455298081544e-15,0.0,0.12249965220689774,0.27010031044483185,0.0,0.0,4,0.2092001959681511,0.10587256813710719,25.69606358665735,1,1.2743007391691208,0.10606904845358191,25.369119923266027,1,1.3971999287605286,0.10618495344973812,25.490502116815218,1,1.1924002319574356,0.12292178725447231,57.307550649302236,1,9.884699247777462,2.755455298081541e-15,0.0,1,0.6016995757818222
rand1,2.6822400070865445e-13,0.0,0.13040006160736084,0.33350009471178055,2.773848179905249e-13,0.0,8,0.9123003110289574,0.043590061452544855,16.493045666905964,1,1.9912002608180046,0.04313594005605006,34.680674930720805,1,1.5831999480724335,0.04279650462386919,43.39153902630447,1,1.819799654185772,0.2101409534091665,69.49552437137535,1,20.908400416374207,2.015049590296376e-13,0.0,1,0.44240057468414307
rand2,1.530555893832145e-13,0.0,0.11279992759227753,0.2546999603509903,2.1268859807002749e-13,0.0,6,0.22959988564252853,0.1740411174102848,37.8549712372227,1,0.9367000311613083,0.17380924128434158,17.132611242893702,1,0.8510993793606758,0.17358645280021648,14.765021815650055,1,1.982799731194973,0.479324434352085,92.5033094183016,1,17.604099586606026,1.2710574864626038e-13,0.0,1,0.5433997139334679
home,3.552713678800501e-15,0.0,0.21719932556152344,0.3554997965693474,1.156679772130055e-13,0.0,4,0.29930006712675095,0.44425772186845147,155.98825766387748,1,1.6558999195694923,0.443389612056519,147.03876944889527,1,1.2614000588655472,0.44292520943037267,149.50354314736995,1,1.143200322985649,0.34824538803479554,199.03359527305304,1,10.092799551784992,1.139086659085919e-13,0.0,1,0.48090051859617233
rand_000,2.7847474288855413e-13,1.2074182697257333e-06,0.12600049376487732,0.2559991553425789,3.126388037344441e-13,0.0,4,0.30640047043561935,0.00021711006814330118,0.45770626011738663,1,1.3774996623396873,0.00021741863610293488,0.09271840287768379,1,1.768200658261776,0.00021718339827748087,0.0923099497776348,1,3.0962005257606506,0.2933776390457562,62.34067761968838,1,12.526900507509708,1.9691137908567693e-13,0.006147170253011476,1,0.3875000402331352
rand_001,1.2710574864626038e-13,1.2074182697257333e-06,0.09569991379976273,0.2891002222895622,2.799213746640164e-13,0.00434670577101264,4,0.1787003129720688,0.37657070381135316,48.853225929900084,1,1.1396994814276695,0.38216492119712664,81.55787879627516,1,1.1072000488638878,0.008957708582794788,0.6904834810785067,1,1.8070004880428314,0.30754092945623734,35.744974993414864,1,26.514699682593346,1.262128723236317e-12,0.0,1,0.4832996055483818
rand_002,6.961868572213853e-14,0.0,0.11570006608963013,0.6572995334863663,6.355287432313019e-14,0.00434670577101264,6,0.4286002367734909,0.14795947970089726,32.180368200895835,1,1.5154005959630013,0.1481251088032674,29.342056698954305,1,1.4762002974748611,0.14821860463875358,30.06947129411977,1,2.477699890732765,0.18336101335346164,61.57801435047304,1,16.956599429249763,2.4245234143369995e-12,0.00434670577101264,1,0.5815001204609871
rand_003,5.684341886080802e-14,0.0,0.12970063835382462,0.3931000828742981,1.6077746776921858e-13,0.0,8,0.35449955612421036,0.0032480590802412353,6.005609162080251,1,2.4257004261016846,0.0032730207006529187,1.7134623730605434,1,1.7332006245851517,0.00754675035002202,1.9597184551338045,1,3.2266993075609207,0.3257786756078121,62.16289962976471,1,26.260199956595898,6.87429441225494e-13,0.0,1,0.5186004564166069
rand_004,9.800597115467527e-14,1.2074182697257333e-06,0.12139976024627686,0.2715000882744789,1.0658141036401503e-14,0.0,2,0.16850046813488007,0.08290321224739865,121.85486005877742,1,1.1253003031015396,0.08360399501221823,85.17624151463453,1,1.2026997283101082,0.08416620924240426,75.70662637421577,1,2.0215995609760284,0.395158142134497,71.46574792529523,1,26.664200238883495,2.9367428393715847e-13,0.006147170253011476,1,0.5173003301024437
rand_005,4.713207304057789e-14,0.0,0.13959966599941254,0.5422001704573631,1.4853572565959093e-13,0.0,6,0.2800002694129944,0.0023682254248598576,22.270912364659587,1,3.339899703860283,0.002279605313476777,3.052275857958362,1,2.313300035893917,0.0022507977292199077,2.4047891879713967,1,1.4799004420638084,0.3548717446155772,33.0843887161149,1,35.67090071737766,7.644340463598948e-11,0.0,1,0.6331000477075577
rand_006,1.2710574864626038e-13,0.0,0.14949962496757507,0.2562999725341797,6.915300366811402e-13,0.0,6,0.24450011551380157,0.10208243270158855,34.406242968663456,1,0.9410995990037918,0.10174555940250496,39.742802111564,1,0.8637998253107071,0.10150656080837325,41.3697710460984,1,1.2856004759669304,0.37738374363592314,27.53961330225831,1,18.170400522649288,5.569494857771083e-13,0.0,1,0.7070004940032959
rand_007,2.21980646867526e-13,0.0,0.19609928131103516,0.6789993494749069,2.453173877602249e-13,0.006147170253011476,4,0.3029992803931236,0.000402164346736519,4.314166243670472,1,2.381100319325924,0.0004869084899206887,1.4739563262923518,1,2.2091995924711227,0.0005152765092457297,1.4840929194121684,1,2.5651007890701294,0.30623091413128034,14.861453143753215,1,14.609900303184986,1.7053025658242404e-13,0.00434670577101264,1,0.4460001364350319
rand_008,8.437227511875219e-14,0.0,0.11340063065290451,0.2741999924182892,5.90221124448794e-14,0.0,4,0.2041999250650406,0.016851274161990608,38.638407016370266,1,0.9483005851507187,0.016758043445130925,31.700669155442938,1,1.0683005675673485,0.016676296032737722,30.17974132704511,1,2.2321995347738266,0.36844220634231817,35.49451164048623,1,21.658800542354584,7.777590529296577e-12,0.0,1,0.49220025539398193
rand_009,9.099386826154683e-14,0.0,0.10910071432590485,0.29090046882629395,2.490956510280015e-13,0.0,4,0.2326006069779396,0.0006254317912180646,13.613910233996206,1,1.4068996533751488,0.005904690311635755,26.405795747588797,1,2.024800516664982,0.01060607663394794,27.36921541444692,1,1.60210020840168,0.436808327601637,40.08259506193238,1,28.746199794113636,2.8345198233302894e-11,0.00434670577101264,1,0.43170060962438583
rand_010,0.0,0.0,0.19479915499687195,0.3762999549508095,1.8852829216231156e-13,0.0,6,0.40140002965927124,0.07596802521612066,90.37385313191878,1,1.4847991988062859,0.07711404861534306,98.52779142908308,1,1.5173004940152168,0.07779182134505754,104.05677758861017,1,2.444199286401272,0.12955458382564003,35.21733477923888,1,22.716599516570568,1.797546735911271e-13,0.0,1,0.48109982162714005
rand_011,1.1588601317882371e-13,0.0,0.2990998327732086,0.3310004249215126,6.295424678153463e-14,0.0,2,0.4406999796628952,0.06091911070211785,83.64036128628857,1,2.0242994651198387,0.06317290385271455,63.17716069677202,1,2.289299853146076,0.06467096911133947,61.731951858760986,1,2.3117000237107277,0.20390752230863127,18.928821173915978,1,26.779700070619583,1.1980359485863148e-11,0.0,1,0.49350038170814514
rand_012,3.3748910047500876e-13,0.0,0.11140014976263046,0.3342004492878914,2.842170943040401e-14,0.0,6,0.2305004745721817,0.00047755279182600587,1.1385382442021585,1,2.678300254046917,0.00046211442599618046,0.20599900359033857,1,1.3880003243684769,0.00045903090165447377,0.2139621487969063,1,3.2409997656941414,0.24240264644585396,28.74661223250688,1,20.27139998972416,4.856703836433968e-13,0.0,1,0.49850065261125565
rand_013,2.8563464471519893e-13,0.0,0.20349957048892975,0.36189984530210495,6.355287432313019e-14,0.0,4,0.3182999789714813,0.0007182706866018064,1.5473539936638834,1,1.9863005727529526,0.000716464296401727,0.32364720032050476,1,2.57129967212677,0.0007161983184966913,0.2027634580145774,1,1.760999672114849,0.42425596991089715,13.000824750597781,1,13.244899921119213,4.1771211433283125e-13,0.0,1,0.9367996826767921
rand_014,1.7053025658242404e-13,0.0,0.14110002666711807,0.3827996551990509,3.595093471822542e-13,0.0,6,0.28590019792318344,0.287692637349341,60.926148659867884,1,1.0613007470965385,0.28781673053037027,53.88070047023179,1,0.8851997554302216,0.2878221965637594,52.46755201672306,1,1.7587002366781235,0.26499479004591814,59.871287557415734,1,15.094100497663021,1.7053025658242404e-13,0.0,1,0.4938002675771713
rand_015,1.3923737144427707e-13,0.0,0.10520033538341522,0.33479928970336914,2.3437142008433856e-13,0.0,2,0.23190025240182877,0.04758752208675152,10.659166631768173,1,0.8984003216028214,0.047576222241932954,7.038978344195828,1,0.8769994601607323,0.04756088468170936,7.190481446346582,1,1.026400364935398,0.3787673028433949,28.66512760528138,1,15.010899864137173,5.684341886080802e-14,0.0,1,0.4801992326974869
rand_016,9.372702406745446e-14,0.0,0.1146998256444931,0.31669996678829193,5.317214951750687e-14,0.0,2,0.14540087431669235,0.001553403216951428,13.038097389482788,1,3.6872997879981995,0.001219641480371209,2.3686954238074556,1,2.3747002705931664,0.0011564141237360532,1.4906349184294083,1,2.5478992611169815,0.1614213926287266,42.40590754183789,1,20.52730042487383,1.8545018393914054e-11,0.00434670577101264,1,0.45530032366514206
rand_017,6.355287432313019e-14,0.0,0.1918002963066101,0.2918001264333725,1.0272197169172842e-13,0.0,4,0.36509986966848373,0.0011026082174837096,18.51747778076337,1,2.1946998313069344,0.0011829822107554287,2.2790587080832245,1,2.3625995963811874,0.0012751212693021738,3.3553415353621387,1,3.6542005836963654,0.20269186178814325,12.42486057545045,1,21.44329994916916,3.829686925829454e-13,0.00434670577101264,1,1.6005001962184906
rand_018,2.3092638912203256e-14,0.0,0.29509980231523514,0.8622007444500923,5.3438529890894854e-14,0.0,8,0.8431999012827873,0.001379277462549122,23.381540857368044,1,3.3326996490359306,0.23885684647497837,201.26857289007077,1,2.314100041985512,0.24435576596505923,153.42278531877236,1,6.38280063867569,0.31790867934478423,23.83390377286533,1,41.95880051702261,1.0681799536181492e-13,0.0,1,0.8529005572199821
rand_019,1.2710574864626038e-13,0.0,0.13870000839233398,0.5809003487229347,0.0,0.0,6,0.4889005795121193,0.045029954756958174,14.827184909654278,1,2.471599727869034,0.04500569113341132,10.33150151591723,1,1.6502998769283295,0.044964294536017475,10.19120555750718,1,1.4722999185323715,0.19210918208229996,20.301639125210027,1,17.993399873375893,2.666192676669783e-13,0.0,1,0.6419997662305832
rand_020,3.410605131648481e-13,0.0,0.24239998310804367,0.4515005275607109,0.0,0.00434670577101264,2,0.26770029217004776,0.09389418175756795,40.90307530891548,1,3.03839985281229,0.09450714708780765,38.552600091657595,1,4.301100037992001,0.09488958696514681,38.690179753478056,1,3.641100600361824,0.26499002346245626,201.42389735011423,1,36.77599970251322,1.214175959108492e-13,0.00434670577101264,1,1.083800569176674
rand_021,1.3574899906062966e-13,0.0,0.22860057651996613,0.3783004358410835,6.365209823104904e-14,0.00434670577101264,2,0.4122992977499962,0.0029465514986054017,22.88598544955211,1,2.1994998678565025,0.004165256360525914,9.21040593365417,1,3.145200200378895,0.004506215183732736,8.276984985777016,1,3.3323997631669044,0.4852091032160994,58.788050974349034,1,17.39600021392107,1.924149859631614e-11,0.0,1,1.5535000711679459
rand_022,6.394884621840902e-14,0.0,0.14910008758306503,0.4458995535969734,3.7057375295732124e-13,0.0,4,0.46139955520629883,0.004632038235742382,186.5050941874392,1,2.1768994629383087,0.012146091489879966,29.647292648761347,1,2.825699746608734,0.0017712628795818856,4.5646040268262045,1,3.818100318312645,0.38748001868459314,75.24100258934541,1,54.02749963104725,6.837271085501266e-12,0.0,1,0.8312007412314415
rand_023,5.123796534383003e-14,0.0,0.2472996711730957,0.4305001348257065,8.048915707664887e-13,0.0,2,0.5837995558977127,5.286109824105168e-06,203.13245875456116,1,8.513599634170532,0.0004762000898438952,145.5365879141965,1,3.0816998332738876,0.005817262476162389,30.69191587957421,1,2.374500036239624,0.3818788121855844,99.46670464792291,1,16.155200079083443,1.469009258770824e-11,0.0,1,0.8044000715017319
rand_024,2.2914314707516465e-13,0.0,0.7982002571225166,0.5609001964330673,1.9691137908567693e-13,0.00434670577101264,4,0.49499981105327606,0.013659715120109538,3.478741706568207,1,2.7256999164819717,0.013583546112792803,0.4116539203687913,1,2.363099716603756,0.013581375832946779,0.2913265847128128,1,2.8651999309659004,0.26635877954516507,135.62289559729314,1,26.491999626159668,2.050306738609769e-12,0.00434670577101264,1,0.6302995607256889
rand_025,1.3330963383348915e-13,0.0,0.260000117123127,0.38590002804994583,1.1718571004216928e-13,0.0,6,0.49289967864751816,0.06373973289972124,62.49331728441965,1,1.9370000809431076,0.06403799186616885,56.66362009755771,1,2.1101003512740135,0.06423474712238252,56.04085824067684,1,2.782600000500679,0.20921450689571958,35.053536504447244,1,24.69590026885271,1.124365124090473e-12,0.0,1,0.5559995770454407
rand_026,5.684341886080802e-14,0.0,0.11090002954006195,0.3512995317578316,1.1718571004216928e-13,0.00434670577101264,2,0.1629004254937172,0.04869412558389059,93.36533126423556,1,1.0197004303336143,0.04885611759505636,93.61507635715206,1,0.9209001436829567,0.048982387234695085,99.87407379942026,1,1.303199678659439,0.27105691568593354,47.15128740488241,1,26.1595007032156,6.961868572213853e-14,0.0,1,0.6980001926422119
rand_027,1.10990323433763e-13,0.0,0.2553993836045265,0.4857005551457405,7.280896430443987e-14,0.0,4,0.42240042239427567,0.005304281341824319,20.811048573143403,1,1.9894000142812729,0.00518650224014988,8.865205257316925,1,2.1858997642993927,0.005110809515630575,6.1814267265015435,1,4.78610023856163,0.41666423599562896,77.24123975548183,1,82.37100020051003,3.0774363012158145e-11,0.0,1,0.7527992129325867
rand_028,1.1718571004216928e-13,1.7075472925031877e-06,0.21860003471374512,0.5194004625082016,1.302446348448666e-13,0.00434670577101264,8,0.959799624979496,0.024564236452462897,125.70574701474547,1,1.9413996487855911,0.024428185159655637,38.01291622760452,1,2.1039005368947983,0.025876471509911386,4.492954921370278,1,1.897900365293026,0.2702121218362805,108.34282870462519,1,26.970000006258488,5.712692894303979e-13,0.006147170253011476,1,0.6319992244243622
rand_029,1.797546735911271e-13,0.0,0.11720042675733566,0.2720002084970474,1.797546735911271e-13,0.0,4,0.2658003941178322,0.09386689922178623,31.35349953999357,1,1.359499990940094,0.09448021223979229,30.095483999632314,1,1.0056998580694199,0.0948666834479824,31.463553115311157,1,1.1052004992961884,0.024453993805119985,6.375697291674426,1,18.691900186240673,2.7847474288855413e-13,0.0,1,0.8793007582426071
rand_030,1.214175959108492e-13,0.0,0.23570004850625992,0.3459993749856949,6.312243475154222e-13,0.0,4,0.2804994583129883,0.13150574663735154,16.840596724509602,1,1.6662999987602234,0.13158285746715198,17.038571556972165,1,1.7876997590065002,0.1316786196591234,17.63520136770719,1,1.9811000674962997,0.4226186874628209,95.25627151664267,1,19.953500479459763,7.877737034240908e-13,0.0,1,0.5621006712317467
rand_031,2.604892696897332e-13,0.0,0.3476003184914589,0.9094998240470886,3.457650183405701e-13,0.0,4,0.45370031148195267,0.44563843956823973,79.83036692318807,1,3.213200718164444,0.4641402400694295,17.61824572745188,1,1.650400459766388,0.06775529402135852,6.108960560510279,1,2.8711995109915733,0.49629441090949855,18.686357178460252,1,25.42740013450384,3.893670461717126e-12,0.0,1,0.516899861395359
rand_032,1.7053025658242404e-13,0.0,0.12240000069141388,0.28040073812007904,1.1718571004216928e-13,0.0,4,0.21959934383630753,0.0006607207104629885,1.78415196630365,1,1.3715000823140144,0.0006644089943871267,0.3330268843814017,1,2.5588003918528557,0.0003610591329155374,0.41954155512026986,1,4.485600627958775,0.4995409681458193,203.614399893471,1,19.721100106835365,2.604892696897332e-13,0.0,1,0.48399996012449265
rand_033,1.1718571004216928e-13,0.0,0.1852000132203102,0.30819978564977646,2.7847474288855413e-13,0.006147170253011476,4,0.3307005390524864,0.10451676492875842,29.303726324366867,1,2.0249001681804657,0.10487297523995175,17.746928434177267,1,1.7869994044303894,0.10498519742574455,17.186273285757686,1,2.118299715220928,0.031090271242749355,4.5894955894430645,1,18.44470016658306,9.910988736784643e-13,0.0,1,1.4466000720858574
rand_034,3.256115871121665e-14,0.0,0.27170032262802124,0.4543997347354889,3.7057375295732124e-13,0.0,6,0.4885997623205185,0.03676992938404556,24.95906199209121,1,1.8401006236672401,0.03752902767651104,17.066848553344656,1,2.4977000430226326,0.03803387001209529,15.563781691907753,1,2.4910997599363327,0.4309872474868637,50.998366105138615,1,46.2982002645731,2.1331761547042703e-11,0.0,1,0.5270997062325478
rand_035,8.038873388460929e-14,0.0,0.23579970002174377,0.327499583363533,8.038873388460929e-14,0.0,4,0.30220020562410355,0.00150100588714306,4.367176193871986,1,2.243400551378727,0.0014919066210603612,0.9343597679264518,1,3.7521999329328537,0.00149219362885286,0.713972059392164,1,3.633299842476845,0.3376629591042369,55.11975149934119,1,22.260899655520916,7.902053070243849e-13,0.00434670577101264,1,0.4735998809337616
rand_036,1.2710574864626038e-13,0.0,0.09729992598295212,0.2523008733987808,3.770565843246231e-13,0.0,4,0.18410012125968933,0.2521553370865933,142.87495667500764,1,1.1959997937083244,0.2519615835933516,112.64488464247225,1,2.8329994529485703,0.2518311294147047,104.70681807242929,1,2.0784996449947357,0.16571066999122877,111.64734677643209,1,24.045499972999096,2.049518613753201e-12,0.0,1,0.529400072991848
rand_037,2.898457019905882e-13,0.0,0.24409964680671692,0.3554997965693474,9.845568954283847e-14,0.0,6,0.5760993808507919,0.06291153373071395,37.195827548291916,1,2.181299962103367,0.06266686217750735,44.10898328981177,1,2.2880006581544876,0.0625314620983996,46.688230032008526,1,1.9967006519436836,0.41329221618015344,58.365009098287075,1,13.605299405753613,2.8421709430404007e-13,0.0,1,0.5357004702091217
rand_038,2.0097183471152322e-13,1.7075472925031877e-06,0.35900063812732697,0.824599526822567,0.0,0.00434670577101264,6,0.5035996437072754,0.0038987435129341184,13.630082775476472,1,1.9078999757766724,0.004007747063431055,5.57548511401976,1,1.6889004036784172,0.0040580446625715725,8.835281208517811,1,1.9681993871927261,0.2664805205545939,56.5064641746339,1,28.468700125813484,2.21980646867526e-13,0.0,1,0.848100520670414
rand_039,9.099386826154683e-14,0.0,0.2709999680519104,0.4914999008178711,1.2789769243681803e-13,0.0,2,0.36629941314458847,0.06898253053269034,21.25169932025624,1,2.2450005635619164,0.06907902087838763,11.883472256457965,1,3.1641004607081413,0.06913321576705017,10.14577833779756,1,1.9851000979542732,0.47240251798726735,14.502083387133693,1,20.371699705719948,9.845568954283847e-14,0.0,1,0.5099000409245491
rand_040,1.556721137788958e-13,0.0,0.12330058962106705,0.2896999940276146,3.074277920629802e-13,0.0,6,0.2703005447983742,0.10832636322417274,48.43717919327734,1,1.8879994750022888,0.10791029608276755,34.629286134641745,1,1.6924003139138222,0.10755609194464708,31.146433592910338,1,3.006800077855587,0.12140335324600353,46.1924437566654,1,22.29780051857233,4.4213803636535104e-13,0.0,1,0.5562007427215576
rand_041,1.4352259737452865e-13,1.2074182697257333e-06,0.1854998990893364,0.3817994147539139,1.214175959108492e-13,0.006147170253011476,2,0.4120999947190285,0.09096837815742806,80.62588061366333,1,1.57919991761446,0.09097135793285197,82.45774053792314,1,1.6077002510428429,0.09108858251034972,83.34407003893753,1,2.001900225877762,0.367261267821808,35.40521533186015,1,14.135499484837055,9.099386826154683e-14,0.006147170253011476,1,0.39349962025880814
rand_042,2.842170943040401e-14,0.0,0.10740011930465698,0.2631004899740219,0.0,0.0,6,0.2632997930049896,0.02351047836266599,3.6861961447831053,1,0.8950000628829002,0.02359823571151994,0.9091579599626688,1,0.9106006473302841,0.023651308135059466,0.7058413126157713,1,2.241699956357479,0.4784125003987533,56.984347172694605,1,14.693200588226318,2.079451601712247e-12,0.0,1,0.5956003442406654
rand_043,0.0,0.0,0.10989978909492493,0.33690035343170166,1.7053025658242404e-13,0.00434670577101264,6,0.2389000728726387,0.20439516413321424,58.431185512699216,1,1.2026997283101082,0.20531983213986874,46.85365172363753,1,0.9073996916413307,0.20565195420212395,45.57359016331598,1,1.0770997032523155,0.46171847237158464,68.39916056320098,1,17.524300143122673,6.821210263296962e-13,0.0,1,0.7161004468798637
rand_044,8.038873388460929e-14,1.2074182697257333e-06,0.3784000873565674,0.44010020792484283,5.362597410144533e-13,0.006147170253011476,6,0.7074000313878059,0.4226552071425121,150.57492463743498,1,2.009800635278225,0.42286529965987096,123.74862056721881,1,1.8180999904870987,0.4229840117205298,124.99133478903622,1,2.0829997956752777,0.4521512591399465,154.5776806917969,1,19.454400055110455,1.1663294417691755e-12,0.0,1,0.5860999226570129
rand_045,2.7408903977723625e-13,0.0,0.20299945026636124,0.37220027297735214,1.0728960028346179e-13,0.0,6,0.29559992253780365,0.06690034243825474,187.97844394355718,1,1.8891002982854843,0.06670530838786672,66.80589833739744,1,2.058600075542927,0.06291569430849021,20.606154138747957,1,2.3893993347883224,0.3273492122702399,94.87557787050892,1,23.04739970713854,3.43714720612747e-13,0.0,1,0.49189943820238113
rand_046,1.2710574864626038e-13,0.0,0.2255002036690712,0.4417998716235161,2.5579538487363607e-13,0.00434670577101264,6,0.7835002616047859,0.14230358317351335,79.37347953376366,1,1.7502997070550919,0.1422525687868536,74.017449471494,1,1.7015999183058739,0.14221529692103488,72.80591097127089,1,2.4351002648472786,0.15069199516276874,22.58726497539348,1,20.050699822604656,3.2155493553843715e-13,0.0,1,1.1638002470135689
rand_047,3.410605131648481e-13,1.7075472925031877e-06,0.25250017642974854,0.512000173330307,2.604892696897332e-13,0.00434670577101264,8,0.4786001518368721,0.0540325377591406,10.602216841031339,1,2.517400309443474,0.06840977153352822,94.32130651823448,1,2.7250004932284355,0.013433576302224555,34.759444794930296,1,2.4962006136775017,0.420726279650958,88.05385659568866,1,41.42799973487854,3.5914965790041865e-12,0.00434670577101264,1,0.921100378036499
rand_048,6.23498720201505e-14,0.0,0.12909993529319763,0.3808997571468353,5.3644800141730896e-14,0.0,2,0.4214998334646225,0.0010874985939860317,82.67862223895862,1,3.738800063729286,0.05715117099185306,153.817036128538,1,2.456400543451309,0.06171916550969016,123.01936620765656,1,3.054499626159668,0.3330605491208651,63.3812081133434,1,97.37209975719452,2.0517183333014142e-11,0.0,1,0.5380995571613312
rand_049,6.355287432313019e-14,1.2074182697257333e-06,0.26739947497844696,0.41930004954338074,4.4938668397781776e-14,0.0,8,0.38640014827251434,0.0017858487218307636,11.450029111285364,1,1.1662999168038368,0.0019194206676577319,4.509312874556036,1,1.2365998700261116,0.0020918592744237513,6.117390382133227,1,2.6048002764582634,0.42301721133015546,42.23041680431366,1,33.078099600970745,1.3796244387938543e-13,0.0,1,0.4711998626589775
rand_050,5.684341886080802e-14,0.0,0.20490027964115143,0.3076000139117241,2.5421149729252077e-13,0.00434670577101264,4,0.3359997645020485,0.01990562201771534,45.08826821616926,1,1.3891998678445816,0.3157334086062703,111.6655804456218,1,0.8475007489323616,0.13623988457417605,26.243115068103467,1,2.198600210249424,0.4937812778429288,36.14020179490019,1,18.17119959741831,6.55550286107359e-13,0.0,1,0.6041005253791809
rand_051,2.8421709430404007e-13,0.0,0.25219935923814774,0.3150003030896187,0.0,0.0,2,0.16719941049814224,0.3725440927305902,59.08584474369758,1,0.9490000084042549,0.3769046383684746,23.923493043950433,1,0.8578002452850342,0.3802151204770171,19.683455132895414,1,1.6415994614362717,0.30949135170926495,46.065986734381994,1,30.439000576734543,5.728578676879116e-14,0.0,1,0.4345998167991638
rand_052,3.8657704262548816e-13,0.0,0.23559946566820145,0.33590011298656464,2.360884497795176e-13,0.0,6,0.46719983220100403,0.011127499163269071,69.03935889048746,1,2.209700644016266,0.013987235837162042,33.98682769774118,1,2.854200080037117,0.016090138002070143,33.52641074553419,1,3.5990001633763313,0.19073625175400852,27.384186006510802,1,20.554300397634506,2.5579538487363607e-13,0.0,1,0.5385996773838997
rand_053,8.038873388460929e-14,0.0,0.23279991000890732,0.651700422167778,1.530555893832145e-13,0.0,8,0.7726000621914864,0.07988592662084566,108.96549664776241,1,5.994999781250954,0.21232840760015026,67.85535335297881,1,2.983800135552883,0.06296424745985602,18.692873618820318,1,4.3073995038867,0.2911836303534571,155.4685195556123,1,22.119800560176373,3.4286760972377863e-12,0.0,1,0.5657998844981194
rand_054,8.038873388460929e-14,1.2074182697257333e-06,0.302300788462162,0.3815004602074623,5.076776880598643e-13,0.00434670577101264,4,0.3356998786330223,0.15383013544561994,190.75390599582812,1,3.033699467778206,0.18593440821203888,143.51365985284082,1,2.7507003396749496,0.05781178812108384,27.549153384461068,1,3.431200049817562,0.4300767050440585,76.24100950868392,1,18.795600160956383,2.4151764628944502e-12,0.00434670577101264,1,0.49110036343336105
rand_055,1.4210854715202004e-14,1.7075472925031877e-06,0.20170025527477264,0.2955002710223198,2.1316282072803006e-13,0.006147170253011476,4,0.32029952853918076,0.0051533901319495284,2.3485971698327637,1,1.4542005956172943,0.005190553785382617,4.6743015506596315,1,1.2917006388306618,0.005214681133618985,5.230721769986598,1,1.6564000397920609,0.48374117825165847,66.6170327960879,1,28.01170013844967,7.65551352998578e-12,0.006147170253011476,1,0.5090003833174706
rand_056,1.5106345774618504e-13,0.0,0.11659972369670868,0.31770020723342896,2.669977196213713e-13,0.0,4,0.21430011838674545,0.026141221221401754,11.105203764198137,1,1.501699909567833,0.03225043032103782,19.27417663703636,1,1.240300014615059,0.07939942624462679,163.11935364298247,1,1.5783999115228653,0.4380931675564703,36.79226732534934,1,25.469699874520302,2.3411277948311056e-12,0.0,1,0.5584992468357086
rand_057,1.2710574864626038e-13,1.2074182697257333e-06,0.18650013953447342,0.34220051020383835,3.26540580689313e-13,0.00434670577101264,6,0.37690065801143646,0.00019286370981096298,4.819401080376721,1,1.9721994176506996,0.18796110503975053,194.37076026300136,1,1.4110002666711807,0.18792671870726593,185.49524789505918,1,1.8497994169592857,0.33612878580985184,19.234912706189316,1,16.23239926993847,2.604892696897332e-13,0.00434670577101264,1,0.916600227355957
rand_058,1.1718571004216928e-13,0.0,0.24430081248283386,0.4542004317045212,4.484870100344409e-13,0.0,4,0.5654999986290932,0.23717161424884348,52.48138562435717,1,3.886899910867214,0.23736950301335907,35.926819868325374,1,4.367399960756302,0.010788342553698685,2.6904950044414297,1,2.64700036495924,0.18509910706054233,67.2458830020512,1,20.112600177526474,1.8260810070624996e-12,0.0,1,0.4540998488664627
rand_059,4.4938668397781776e-14,0.0,0.12100022286176682,0.264500267803669,3.496130204934657e-13,0.0,4,0.20269956439733505,0.1147527232162081,190.75781068822423,1,0.964900478720665,0.11550940194234056,154.97384093676337,1,0.9483005851507187,0.1157926507327195,149.94458855127132,1,1.0875994339585304,0.3991722201705937,87.32268383421919,1,29.89169955253601,1.670503501020166e-11,0.0,1,0.5598999559879303
rand_060,0.0,0.0,0.12079998850822449,0.3045005723834038,1.1368683772161603e-13,0.0,4,0.20300038158893585,0.008397165595256984,2.6362869045629376,1,1.1796997860074043,0.008376913415970718,0.6671874781260558,1,2.208299934864044,0.008379035281954274,0.673529037195213,1,2.9002996161580086,0.4684845903406094,144.7166182844132,1,17.803500406444073,1.3981632351088642e-12,0.00434670577101264,1,0.5550999194383621
rand_061,1.608167152903132e-13,0.0,0.3748992457985878,0.83910021930933,2.269917154554668e-13,0.00434670577101264,4,0.3845999017357826,0.031369977963353037,171.4103142386773,1,2.229999750852585,0.03754484881248433,62.67397566366426,1,1.8271002918481827,0.04062559569863863,37.82463781135874,1,2.330300398170948,0.3319508180392936,84.09157825934258,1,40.496199391782284,1.1027442417062508e-12,0.00434670577101264,1,0.8566994220018387
rand_062,9.015776598495165e-14,1.2074182697257333e-06,0.25079958140850067,0.8456995710730553,1.9996445075023371e-13,0.006147170253011476,4,0.5494998767971992,0.00015158900000766394,3.398484631417789,1,3.8075996562838554,0.0007180635796540538,0.6670033814790065,1,2.5905994698405266,0.0003081017936273637,0.547374360109938,1,5.10760024189949,0.49953097446080386,49.45163151640031,1,36.52010019868612,1.6875561999561605e-11,0.00434670577101264,1,0.8044000715017319
rand_063,6.394884621840902e-14,0.0,0.269399955868721,0.37960056215524673,6.355287432313019e-14,0.0,4,0.36450009793043137,0.00040888779889724776,3.0464919322305137,1,1.9060000777244568,0.0006460568917238183,1.0164973815794855,1,1.8681995570659637,0.0007440175909445827,1.7993996932673624,1,2.630099654197693,0.1226451991695679,34.42166513505725,1,24.5431000366807,1.5045611142325425e-11,0.0,1,0.5483999848365784
rand_064,1.214175959108492e-13,0.0,0.21830014884471893,0.3330996260046959,2.5579538487363607e-13,0.0,2,0.2118004485964775,0.033976738104600265,3.1700629788006096,1,1.148199662566185,0.0341319870621355,1.8890175172362724,1,1.0943002998828888,0.03423428747172095,2.221825787395621,1,1.2095002457499504,0.29403043912431315,145.008077192553,1,17.47949980199337,1.6633378991627446e-13,0.0,1,0.48690009862184525
rand_065,1.1368683772161603e-13,0.0,0.21230056881904602,0.3378000110387802,4.98798976161204e-13,0.0,6,0.470699742436409,0.06227467470173369,72.48007985920684,1,2.148299477994442,0.06204755945103224,52.05797696877,1,1.4546001330018044,0.06179148621591177,49.541455722008465,1,1.7549004405736923,0.374590678834586,25.600867502484192,1,13.941300101578236,4.5207496329416205e-13,0.0,1,0.44529978185892105
rand_066,2.929642751054232e-14,0.0,0.11010002344846725,0.26899948716163635,1.6949088094799781e-13,0.0,8,0.2672998234629631,0.0009548508377620838,0.8142042447288456,1,1.147700473666191,0.0009696617106860718,0.23172467436988273,1,1.1509992182254791,0.0009518473151996554,0.30913605202282146,1,1.4212997630238533,0.3846785105968093,140.77639446274014,1,22.071699611842632,2.929642751054232e-14,0.0,1,0.7271002978086472
rand_067,1.359812473041063e-13,1.2074182697257333e-06,0.27269963175058365,0.5328003317117691,2.844168642415274e-13,0.006147170253011476,2,0.20189955830574036,0.022360185503412858,89.3021587857558,1,1.145300455391407,0.022143040614318293,51.634417910796074,1,0.9174002334475517,0.0217449235910401,44.711597056074154,1,1.147800125181675,0.45173286810973007,24.197068262111856,1,13.53370025753975,9.521338940926253e-14,0.0,1,0.4306994378566742
rand_068,4.162137128766112e-14,0.0,0.11810008436441422,0.2479003742337227,8.982465885602076e-14,0.00434670577101264,4,0.28140004724264145,0.00012493822739599605,16.21532165223719,1,2.036900259554386,0.05378398324633161,79.18960372784413,1,2.2558998316526413,0.051417139893823835,71.14866841377466,1,1.7224997282028198,0.4277849755474337,72.17104141096226,1,27.234500274062157,3.6230712748823524e-14,0.00434670577101264,1,0.4730997607111931
rand_069,1.1368683772161603e-13,0.0,0.10909978300333023,0.2538999542593956,2.360884497795176e-13,0.0,6,0.2318006008863449,0.0627740458792452,29.413251623538155,1,0.8671991527080536,0.06218340035538908,20.79778663460964,1,0.8375002071261406,0.061800593589957695,19.577686329426644,1,1.03829987347126,0.052908619892011184,26.139804140272986,1,8.917399682104588,0.0,0.0,1,0.4913993179798126
rand_070,4.6897166265737003e-14,0.0,0.13250019401311874,0.38919970393180847,1.0125233984581428e-13,0.006147170253011476,4,0.2574995160102844,0.0006336252883783824,6.653635292123247,1,1.7808005213737488,0.0015309489266081549,2.979276020774719,1,1.9221995025873184,0.3195561305068082,42.46568374339279,1,1.6043996438384056,0.46510326648572553,75.51213943609402,1,31.479100696742535,3.0324374491175954e-11,0.0,1,0.554199330508709
rand_071,2.1316282072803006e-13,0.0,0.11350028216838837,0.35480037331581116,1.8474111129762605e-13,0.0,2,0.17530005425214767,0.001127503367278273,1.347072100329971,1,1.855999231338501,0.0011295959777670626,0.5006831491681609,1,2.2417008876800537,0.0011292169546383679,0.4702283902024671,1,3.1880997121334076,0.2834791011895964,10.407483295213567,1,15.617500059306622,1.6140428288623166e-13,0.0,1,0.543300062417984
rand_072,1.657256204579568e-13,0.0,0.1183999702334404,0.373300164937973,1.7404671430534635e-13,0.00434670577101264,6,0.5853995680809021,0.002850806058533669,9.19357042715507,1,1.321599818766117,0.003014994630233827,7.792102675666232,1,0.8872998878359795,0.003121791063818664,8.012647197748544,1,1.1464999988675117,0.2076165272090866,32.88075287828804,1,23.109099827706814,5.0884975177407454e-11,0.0,1,0.4471996799111366
rand_073,1.037002982636638e-13,1.2074182697257333e-06,0.12310035526752472,0.24740025401115417,9.015776598495165e-14,0.00434670577101264,4,0.23749936372041702,0.0023102539690744613,32.92354322162373,1,1.2898007407784462,0.003749147458336864,12.552246959554319,1,1.2041004374623299,0.004132259854314192,11.180889910849698,1,1.928200013935566,0.21922592673601768,72.2988879936991,1,31.337900087237358,4.02811533731651e-11,0.00434670577101264,1,0.5556996911764145
rand_074,3.1776437161565096e-14,1.2074182697257333e-06,0.13639964163303375,0.3116996958851814,1.6450253643242583e-13,0.00434670577101264,2,0.2661999315023422,0.017727593229948213,14.100099826448592,1,1.0728994384407997,0.01874095556460949,36.010841145223985,1,1.8384996801614761,0.019334916788066633,44.52467201546794,1,2.1011000499129295,0.4966436074509194,61.58042504990549,1,28.22779957205057,6.233254120551772e-12,0.0,1,0.5469005554914474
rand_075,1.7763568394002505e-13,1.7075472925031877e-06,0.15399977564811707,0.3341995179653168,2.842170943040401e-14,0.007528715240946743,4,0.27959980070590973,0.006833005318605422,2.3809356124176335,1,2.08320003002882,0.006849379061127625,0.8215848848181695,1,2.074900083243847,0.008059085556164311,0.8101797823124063,1,2.452199347317219,0.12899318522262482,63.01522942848177,1,18.28369963914156,6.259232221039281e-13,0.006147170253011476,1,0.4232991486787796
rand_076,8.038873388460929e-14,1.2074182697257333e-06,0.21830014884471893,0.32579991966485977,5.05651012089952e-12,0.0,6,0.43139979243278503,0.00011209089313431563,205.27193308978133,1,11.738399975001812,7.631589896551915e-05,205.57456352472533,1,14.145799912512302,0.06074235402497819,174.24750168390523,1,2.875499427318573,0.30689990175754805,88.73815496131209,1,15.881399624049664,2.167217573905428e-11,0.0,1,0.46399980783462524
rand_077,7.944109290391274e-14,0.0,0.20899996161460876,0.36049913614988327,3.256115871121665e-14,0.00434670577101264,4,0.4083998501300812,0.008535961176012703,84.86891084107162,1,2.3495005443692207,0.029906461737363516,93.61399497319032,1,1.2842006981372833,0.0495457562853215,141.55359255032954,1,1.5506995841860771,0.4426658940195538,195.71324416350524,1,26.211599819362164,1.0960798248489517e-12,0.0,1,0.5459999665617943
rand_078,1.3131831322451305e-13,0.0,0.13590045273303986,0.38900040090084076,1.6634327492126698e-13,0.0,6,0.4677996039390564,0.1734698382501645,150.43577918482782,1,1.5003001317381859,0.17538036828858053,163.01656560214107,1,1.11400056630373,0.17661872698597364,167.43696275002233,1,1.4594001695513725,0.3258653374237694,34.75830656121202,1,13.891099952161312,1.1943456708621303e-11,0.0,1,0.4568006843328476
rand_079,1.2250424425677882e-13,0.0,0.11349935084581375,0.29899924993515015,2.873967505387993e-13,0.00434670577101264,4,0.17550028860569,0.0005756362065981969,182.7177864099965,1,4.841499961912632,0.016569638922851408,81.36149877178907,1,1.4902995899319649,0.016183357609200665,37.964933738340534,1,1.7844000831246376,0.4545847902253363,117.26331820674433,1,16.064800322055817,1.8985276752459747e-11,0.0,1,0.40110014379024506
rand_080,8.526512829121202e-14,0.0,0.1238994300365448,0.26459991931915283,3.8995786820840533e-13,0.00434670577101264,4,0.19039958715438843,0.011497701703074202,45.715712788335246,1,1.2825997546315193,0.011598311420984914,14.471161457778397,1,1.2603001669049263,0.01995870567441627,17.695095388642542,1,1.4631003141403198,0.144211875524054,49.75281457566007,1,21.822900511324406,6.844854043943255e-13,0.0,1,0.9863991290330887
rand_081,9.532931148469529e-14,0.0,0.12680049985647202,0.3395993262529373,4.0817572586164123e-13,0.00434670577101264,4,0.25070086121559143,0.0015074457385998118,69.04952066061061,1,1.344100572168827,0.0003008556608594171,0.6494362456833234,1,1.2058001011610031,0.00014404435109863884,0.09641459807207321,1,1.4678994193673134,0.4925355859006598,148.60566769934493,1,16.65549911558628,5.38518272207696e-12,0.0,1,0.42869988828897476
rand_082,2.4325065010975337e-13,0.0,0.10280031710863113,0.29010046273469925,8.28628102289784e-14,0.0,8,0.5012992769479752,0.04414953218028985,19.44448677109856,1,2.0399997010827065,0.04509246025957579,14.905977804327808,1,2.1297000348567963,0.0125954623072019,4.364419450748322,1,1.8549999222159386,0.2829240587129688,129.7940401831214,1,23.492499254643917,4.627264660020084e-13,0.00434670577101264,1,0.6392002105712891
rand_083,5.598427493280328e-13,0.0,0.11880043894052505,0.3399001434445381,3.8131724593878115e-13,0.0,4,0.2568000927567482,0.14571437838672904,99.77102392695535,1,1.3530999422073364,0.14568943860101902,87.97798198553356,1,1.2721996754407883,0.14567759505927458,85.35463321530172,1,2.669299952685833,0.3158303061731623,3.177236766534405,1,8.628500625491142,4.889855783314162e-13,0.0,1,0.5350001156330109
rand_084,2.929642751054232e-14,1.7075472925031877e-06,0.1993998885154724,0.3559999167919159,4.081757258616412e-14,0.006147170253011476,4,0.215800479054451,0.023833925653256864,27.69437434431446,1,1.30429957062006,0.023640144653659833,18.594015417811608,1,1.1101998388767242,0.023475024116480836,16.796586766890744,1,1.1671995744109154,0.35319584661876324,28.87670376485358,1,12.042100541293621,4.157737645962184e-13,0.006147170253011476,1,0.40269922465085983
rand_085,7.246142549764705e-14,0.0,0.19139982759952545,0.35009998828172684,3.4017117524131846e-13,0.0,6,0.4555005580186844,0.06812222043577726,149.4936493738048,1,1.5778997913002968,0.06845534491297667,159.03609641247982,1,1.612599939107895,0.06865373378005517,162.132114865997,1,1.6291001811623573,0.35249173821182334,55.11493319783498,1,21.738599985837936,6.7732577130640855e-12,0.0,1,0.5208998918533325
rand_086,8.101433657963767e-14,0.0,0.10980013757944107,0.3359997645020485,1.0681799536181492e-13,0.0,2,0.2562999725341797,0.024631568752714612,86.45840239950074,1,0.9324997663497925,0.02556141373332656,49.33607684161962,1,1.2951996177434921,0.026022089416125393,47.37086306213567,1,1.8407991155982018,0.39478386371887775,36.8521380603907,1,21.287799812853336,5.079505971267949e-12,0.0,1,0.49030035734176636
rand_087,2.6812987050722663e-13,0.0,0.10539963841438293,0.31880009919404984,2.842170943040401e-14,0.0,6,0.26539992541074753,0.02182886187954859,77.50414561892872,1,1.1590002104640007,0.02134389675897913,35.07776587620298,1,0.9154994040727615,0.02080153718456149,25.203890196669562,1,1.3491995632648468,0.26603026204648256,77.76849503000437,1,19.198200665414333,5.178681919428697e-13,0.0,1,0.5727000534534454
rand_088,1.8198773652309366e-13,0.0,0.1405002549290657,0.2982998266816139,1.1718571004216928e-13,0.0,6,0.8062003180384636,0.10629446764323573,97.99020693423911,1,1.1935001239180565,0.1067869176161988,122.69636468745594,1,0.9011002257466316,0.10699153936710643,130.08642311689906,1,1.3203993439674377,0.4890722589280003,31.11242342957663,1,15.22899977862835,1.632702903446565e-13,0.0,1,0.7503004744648933
rand_089,6.07087979554246e-14,0.0,0.4225000739097595,0.5160002037882805,2.0800827610833675e-13,0.00434670577101264,6,0.32159965485334396,0.008795936325071155,112.68835195207117,1,1.061900518834591,0.009325232986188706,63.38580492563381,1,0.936499796807766,0.00929793492796321,49.45711750746924,1,1.1664004996418953,0.2229628949403824,59.12562171309554,1,20.26789914816618,8.038873388460929e-14,0.0,1,0.5383007228374481
rand_090,2.1268859807002749e-13,0.0,0.228099524974823,0.39950013160705566,2.842170943040401e-14,0.0,4,0.6341002881526947,0.10891422069327548,151.5175383893894,1,2.085399813950062,0.11260877592173608,118.78246659160699,1,1.7996998503804207,0.1148708475344956,116.02295217837332,1,1.9863992929458618,0.15742871936502445,39.34700230361253,1,16.78419951349497,2.9536706862851543e-13,0.0,1,0.4818001762032509
rand_091,5.684341886080802e-14,0.0,0.20289979875087738,0.40270015597343445,1.1368683772161603e-13,0.0,4,0.5119005218148232,0.00020616303974021615,101.03269734276138,1,4.768300801515579,0.018129280073238954,14.531586086856837,1,3.781300038099289,0.014004973624525111,32.25960278547118,1,4.509899765253067,0.15501088847341266,17.835463380636206,1,12.216500006616116,1.7577856506325392e-12,0.0,1,0.426500104367733
rand_092,1.3649080239232024e-13,1.2074182697257333e-06,0.12359954416751862,0.24830084294080734,1.1761575079025625e-13,0.0,6,0.24089962244033813,0.0075420925939538724,12.518521678071462,1,0.9974008426070213,0.007655818123364903,11.52905919086128,1,0.9345002472400665,0.0077205957254382574,11.567184348642622,1,1.1486997827887535,0.4046891211071083,54.89628080189137,1,23.671099916100502,3.989335213577668e-13,0.006147170253011476,1,0.9391997009515762
rand_093,1.7876893743688704e-13,0.0,0.3589000552892685,0.3883996978402138,3.606310639398066e-13,0.0,8,0.7442999631166458,0.011952450708564853,31.2036229708387,1,1.1042002588510513,0.011830843595428762,31.557040820473567,1,1.063300296664238,0.011746672360487896,32.02590723114294,1,1.2323996052145958,0.16097703132534288,30.653795986868825,1,11.522899381816387,3.8131724593878115e-13,0.0,1,0.4741000011563301
rand_094,1.8198773652309366e-13,0.0,0.13860035687685013,0.2785995602607727,2.5776155819154743e-13,0.00434670577101264,4,0.2673007547855377,0.0030353797233982982,1.0004035638866757,1,1.4404002577066422,0.003019240657538522,0.5049293279266472,1,1.5249000862240791,0.0035655553430385093,0.4547452032172497,1,1.705399714410305,0.4994063784122003,163.31773768415485,1,14.585800468921661,1.1368683772161603e-13,0.0,1,0.4734005779027939
rand_095,5.684341886080802e-14,1.7075472925031877e-06,0.11250004172325134,0.2766000106930733,2.842170943040401e-14,0.0,2,0.15820004045963287,0.4149774728729699,110.01530349167895,1,1.0586995631456375,0.41507839658871554,125.44195776454552,1,1.7956001684069633,0.41507179021744395,129.98403026879177,1,3.1481999903917313,0.4903259803394221,65.75093775943061,1,13.158800080418587,6.04921884069903e-13,0.0,1,0.47949980944395065
rand_096,2.0495186137532011e-13,1.2074182697257333e-06,0.23069977760314941,0.36770012229681015,3.639754730461873e-13,0.0,2,0.19349996000528336,0.10901184814431474,57.360551852150905,1,0.9872997179627419,0.11078355625900121,9.155238647860466,1,1.1281007900834084,0.11214722097950941,6.249158676666787,1,1.7079003155231476,0.19636383313252068,9.138470010530822,1,21.071000024676323,4.2915840113384717e-13,0.00434670577101264,1,0.47499965876340866
rand_097,5.684341886080802e-14,1.2074182697257333e-06,0.11829938739538193,0.2472996711730957,6.355287432313019e-14,0.006147170253011476,4,0.1881001517176628,0.08142432098056589,30.97217314327012,1,2.284199930727482,0.0829068821123254,29.206369061266134,1,2.692200243473053,0.01334782702810698,9.07209353553962,1,3.3608004450798035,0.4514494635303202,80.75095853429639,1,14.884700067341328,3.4135644425146874e-13,0.0,1,0.4334002733230591
rand_098,3.1776437161565096e-14,0.0,0.12429989874362946,0.2476004883646965,2.6812987050722663e-13,0.0,6,0.26459991931915283,0.011339747194872738,5.308148252890943,1,0.932999886572361,0.011317818823211643,3.1123384636487157,1,0.8966000750660896,0.011302677613956667,2.8568440539451223,1,1.1646002531051636,0.43991194139807427,103.7572683628209,1,15.633000060915947,1.4050791712984704e-12,0.0,1,0.4659993574023247
rand_099,1.2710574864626038e-13,0.0,0.11330004781484604,0.2707997336983681,3.1776437161565096e-14,0.0,8,0.3441004082560539,0.027822310391664412,17.03412600334818,1,0.9254999458789825,0.0279105625426692,16.73771628108158,1,0.8270004764199257,0.027971680563533014,16.68761090026107,1,1.5223007649183273,0.32418380605439456,29.511153382267324,1,15.747999772429466,1.4945063441172017e-12,0.0,1,0.49689970910549164
rand_100,9.099386826154683e-14,0.0,0.11769961565732956,0.28540007770061493,1.3923737144427707e-13,0.0,6,0.25879964232444763,0.1464833581214264,71.36447066058862,1,0.9846994653344154,0.14671285782024207,64.88628371086435,1,0.9540999308228493,0.1468086141232176,63.74738816349005,1,1.1531002819538116,0.38486449210687196,52.421939779945134,1,14.338099397718906,3.1808197726376465e-13,0.0,1,0.6634993478655815
rand_101,1.214175959108492e-13,0.0,0.11519994586706161,0.31930021941661835,2.898457019905882e-13,0.0,4,0.2536000683903694,0.3203024262113196,69.55398531976226,1,1.0110000148415565,0.32128048444014073,37.283650072106525,1,0.8605001494288445,0.3211070994515121,31.277280709049585,1,1.1192001402378082,0.46972721567805187,160.7089311637801,1,20.117000676691532,1.24699744040301e-12,0.0,1,0.46790018677711487
rand_102,1.4210854715202004e-13,0.0,0.12610014528036118,0.2570003271102905,1.911874967259125e-13,0.00434670577101264,4,0.21460000425577164,0.03633143891494481,49.08260538809508,1,1.61649938672781,0.036318014188683155,44.44369964618302,1,1.0316995903849602,0.036311928968087624,44.34681810027149,1,1.2029996141791344,0.3774400804752547,115.2579569383135,1,11.52880024164915,8.620731300711157e-13,0.0,1,0.5170991644263268
rand_103,7.652779469160725e-14,0.0,0.18780026584863663,0.4425998777151108,1.2789769243681803e-13,0.0,2,0.2790996804833412,0.0331381656563162,95.12929679647108,1,2.1240003407001495,0.03352412472076306,94.38550414759878,1,1.6052993014454842,0.03358610803180231,99.20717283979373,1,1.9127000123262405,0.16080904035304583,77.2791784870435,1,18.57810001820326,4.0419827920822775e-13,0.0,1,0.48450008034706116
rand_104,8.038873388460929e-14,0.0,0.19269995391368866,0.3573000431060791,1.8198773652309366e-13,0.0,4,0.3070002421736717,0.02605761133302759,16.80482942432563,1,1.871899701654911,0.026437581248825396,10.852936583901823,1,1.8664002418518066,0.02666680246292332,10.778202804871047,1,2.571599557995796,0.41514944602569226,182.6564589678492,1,22.63799961656332,1.1026011601001542e-12,0.0,1,0.5256002768874168
rand_105,1.6077746776921858e-13,1.2074182697257333e-06,0.11140014976263046,0.36159995943307877,5.712692894303979e-13,0.00434670577101264,4,0.19720010459423065,0.43733303147258495,80.16782142726989,1,1.2518996372818947,0.46513387219132063,30.562391212157976,1,1.189500093460083,0.14026684194425978,8.641463158558897,1,3.0702995136380196,0.3055286825752043,36.998637678120375,1,27.255999855697155,2.6223551695782913e-12,0.0,1,0.44419988989830017
rand_106,1.4210854715202004e-14,1.2074182697257333e-06,0.12150034308433533,0.25910045951604843,1.2789769243681803e-13,0.00434670577101264,4,0.27029961347579956,0.026629513898173345,18.158497978984748,1,1.0114004835486412,0.026696982715945818,15.004080350456874,1,2.382100559771061,0.02674617462826882,15.27758932950348,1,2.861499786376953,0.29614771275850194,163.11685966481633,1,11.33390050381422,8.163514517232825e-14,0.0,1,0.516500324010849
rand_107,4.263256414560601e-14,0.0,0.11650007218122482,0.3378000110387802,9.768347613364995e-14,0.00434670577101264,4,0.42949989438056946,0.024415968504868553,157.76773526111506,1,2.422899939119816,0.032292910684373226,113.98712730494316,1,1.0096998885273933,0.03771765322120826,115.76930996791549,1,1.155099831521511,0.35153671996060765,15.285241372303878,1,26.2941000983119,1.9600536124601216e-11,0.0,1,0.5445005372166634
rand_108,8.070214144311583e-14,1.2074182697257333e-06,0.17810054123401642,0.5759997293353081,2.409829545813355e-13,0.006147170253011476,4,0.277799554169178,0.03453600927611512,110.63774101809135,1,1.442999579012394,0.04097875543293924,94.1878296792638,1,1.287899911403656,0.05939131916278992,145.69889474986283,1,1.6508996486663818,0.44445469088519357,28.7506307365851,1,31.90460056066513,9.572487537230684e-12,0.00434670577101264,1,0.47789979726076126
rand_109,1.180442248897588e-13,0.0,0.12960005551576614,0.3060000017285347,1.180442248897588e-13,0.0,8,0.31929928809404373,0.0872335751439263,85.56065483515144,1,1.1746007949113846,0.08848914219909815,74.91620462323785,1,1.108899712562561,0.08929927216456386,76.10405857037027,1,1.7340993508696556,0.18945988365586805,65.68121925512216,1,26.294700801372528,1.2789769243681803e-13,0.00434670577101264,1,0.6430996581912041
rand_110,3.2155493553843715e-13,0.0,0.3785993903875351,0.4580998793244362,0.0,0.0,4,0.3156997263431549,0.07546059656698312,17.91949843734357,1,2.4512000381946564,0.07551993538540776,9.582472336386013,1,1.5484001487493515,0.0754250268178841,10.483344212314503,1,2.294500358402729,0.42238183067918467,91.72765610764124,1,19.844799302518368,1.3024463484486659e-12,0.0,1,0.6132004782557487
rand_111,8.038873388460929e-14,0.0,0.1550000160932541,0.395200215280056,6.51223174224333e-14,0.0,6,0.4238998517394066,0.0542582693828946,55.42037823243624,1,1.0150996968150139,0.054156495784470855,52.13271716623845,1,1.053900457918644,0.054070063907961756,51.41977728084434,1,1.2002000585198402,0.36689446388321345,115.20374741309564,1,18.41370016336441,3.5334483681981632e-12,0.0,1,0.8476004004478455
rand_112,5.684341886080802e-14,0.0,0.37689972668886185,1.3076001778244972,8.038873388460929e-14,0.0,4,0.4246998578310013,0.3125980392700553,55.994550555725155,1,2.484300173819065,0.3120358222393538,55.82835606414116,1,2.878100611269474,0.3116595878732656,55.534437820165884,1,2.5412999093532562,0.3593622770005722,45.93439427542174,1,27.29589957743883,4.2537719614005497e-13,0.0,1,0.6960006430745125
rand_113,2.842170943040401e-14,0.0,0.24690013378858566,0.39140041917562485,0.0,0.0,6,0.5796002224087715,0.2196322904834917,62.4772313504315,1,3.1841006129980087,0.22030447899327668,65.52993571451904,1,2.554500475525856,0.2207485589955394,67.09906346467787,1,4.109999164938927,0.41176471773272366,108.8451571987781,1,18.526400439441204,2.842170943040401e-14,0.0,1,0.7260004058480263
rand_114,2.2737367544323206e-13,1.7075472925031877e-06,0.13849977403879166,0.4169996827840805,3.2155493553843715e-13,0.00434670577101264,4,0.25159958750009537,0.13557310161409644,25.311319705176935,1,1.6729999333620071,0.1395051539443165,8.467578085016983,1,1.048400066792965,0.1414900372871505,15.410260669498037,1,2.3409994319081306,0.49203829325846615,31.286039791110074,1,14.37859982252121,4.0990372275064023e-13,0.00434670577101264,1,0.5085999146103859
rand_115,1.1368683772161603e-13,0.0,0.2560000866651535,0.39769988507032394,0.0,0.0,4,0.2830997109413147,0.01613168355844005,14.446600163618811,1,2.19890009611845,0.015755514722409523,4.230262650635679,1,1.1948002502322197,0.015418889807062155,2.1467446460007067,1,1.1448999866843224,0.49424160443822174,17.281883368028133,1,9.797600097954273,1.7557164496202519e-12,0.0,1,0.5063004791736603
rand_116,5.684341886080802e-14,0.0,0.17540063709020615,0.5131000652909279,2.842170943040401e-14,0.0,4,0.25299936532974243,0.09403580695506472,204.5362631701866,1,1.1395998299121857,0.09599225046819729,40.49631270281163,1,0.9131999686360359,0.09688476555971269,45.54942852315323,1,1.126299612224102,0.44716031708457327,113.42302893848684,1,19.494200125336647,5.0703086955398e-13,0.0,1,0.555199570953846
rand_117,9.271153338872217e-14,1.7075472925031877e-06,0.11399947106838226,0.2957005053758621,5.695100867442379e-13,0.006147170253011476,4,0.24740025401115417,0.0002659367651300738,8.75780638766769,1,1.7870999872684479,0.0003560472805911574,1.478014192553384,1,2.958199940621853,0.000351938236580611,0.789522598893904,1,2.7788998559117317,0.3607953995249134,81.71249580761508,1,33.65559969097376,8.97356335260747e-11,0.007528715240946743,1,0.9094998240470886
rand_118,1.2789769243681803e-13,0.0,0.1443997025489807,0.33980049192905426,7.105427357601002e-15,0.0,6,0.3171004354953766,0.00034750009269031315,64.80439913128346,1,1.4517996460199356,0.037011661511231704,94.64073953866775,1,1.0665999725461006,0.037178787438580704,41.1812606025591,1,2.47110053896904,0.41143648999656923,178.87676830466242,1,24.63930007070303,2.864289338439558e-13,0.0,1,0.543300062417984
rand_119,5.684341886080802e-14,0.0,0.12650061398744583,0.31299982219934464,3.26540580689313e-13,0.006147170253011476,2,0.2751993015408516,0.23541770468840764,16.122977040646187,1,1.0646004229784012,0.2350246427042851,16.087993674818634,1,1.5286002308130264,0.23477844832498465,16.22090891735306,1,1.3383999466896057,0.3164439065211858,70.62814028541735,1,12.657699175179005,2.666192676669783e-13,0.0,1,0.52690040320158
rand_120,1.8559316411325678e-13,1.2074182697257333e-06,0.37429947406053543,0.31289923936128616,9.015776598495165e-14,0.0,4,0.2905000001192093,nan,nan,1,39.0691002830863,nan,nan,1,59.08669997006655,0.014875816532968532,38.36590398886745,1,2.4528000503778458,0.4036951951905423,32.533431531450624,1,23.858999833464622,8.387732341056007e-11,0.00434670577101264,1,0.7975995540618896
rand_121,1.4785436552731435e-13,0.0,0.24839956313371658,0.8879993110895157,9.099386826154683e-14,0.00434670577101264,2,0.1914994791150093,0.035685810931328124,16.953462045572476,1,0.9752996265888214,0.035836356640142474,13.253961953367758,1,0.8506998419761658,0.03593355381113067,13.210142299159012,1,1.047300174832344,0.26428546217594406,35.76295122669745,1,12.094699777662754,4.3383856571136184e-13,0.0,1,0.7338002324104309
rand_122,1.2710574864626038e-13,1.2074182697257333e-06,0.24909991770982742,0.4963995888829231,3.650834679167795e-13,0.00434670577101264,6,0.45690033584833145,0.02216754719510988,2.884739351137345,1,1.5637995675206184,0.022308358846629992,2.0545255572259675,1,1.833300106227398,0.02242744030735178,2.5143354121262673,1,2.3674005642533302,0.23597913598417017,55.773804171894476,1,25.84610041230917,1.2710574864626038e-13,0.00434670577101264,1,0.6087999790906906
rand_123,1.1368683772161603e-13,0.0,0.5409000441431999,0.44850073754787445,1.7053025658242404e-13,0.0,4,0.4594000056385994,0.009352930438927596,7.009797240269082,1,2.207700163125992,0.009210505499297446,4.773535970731564,1,3.660299815237522,0.009117212190715533,4.215307426394891,1,2.485400065779686,0.4404189392761053,141.19604930906164,1,21.50459960103035,2.0534562131829764e-12,0.0,1,0.48719998449087143
rand_124,7.105427357601002e-14,1.2074182697257333e-06,0.13139937072992325,0.30400045216083527,1.705672600018858e-13,0.00434670577101264,2,0.40900055319070816,0.14346997219502014,33.42025786046944,1,2.1997997537255287,0.14405484126121634,43.923382750672694,1,2.72389966994524,0.14443183225754,47.47231649429837,1,2.857999876141548,0.45947763489662236,91.84217897104585,1,21.404500119388103,7.653109323235971e-13,0.00434670577101264,1,0.522400252521038
rand_125,8.038873388460929e-14,0.0,0.1242002472281456,0.3666998818516731,1.1368683772161603e-13,0.00434670577101264,4,0.3541000187397003,0.29300619416949136,36.5830063766658,1,1.780499704182148,0.29284790662904064,18.034427771719365,1,1.422700472176075,0.2925320098723799,14.0131025787275,1,1.6036005690693855,0.3381779950910881,136.23610704991182,1,23.382900282740593,1.0435064581705444e-12,0.0,1,0.5004992708563805
rand_126,6.394884621840902e-14,0.0,0.19950047135353088,0.40849950164556503,1.214175959108492e-13,0.006147170253011476,6,0.43189991265535355,0.005874123158306969,1.014543847270972,1,1.8766000866889954,0.0060569703743783435,0.3511428085779178,1,3.1426995992660522,0.006176328295710882,0.7514899920668866,1,2.975400537252426,0.1611073886867624,16.68410408277652,1,24.516699835658073,3.431038638401876e-12,0.0,1,0.9576007723808289
rand_127,3.014577520672848e-14,0.0,0.34670066088438034,0.8303998038172722,2.2311494473267974e-13,0.0,4,0.792299397289753,0.0003052069136420046,6.500501024025913,1,3.175899386405945,0.0002612827312737266,0.7366480138355008,1,1.6211001202464104,0.00025241705990762205,1.3964092496401188,1,1.9025001674890518,0.3946834409029977,116.59616598001963,1,32.7097000554204,1.4715312610236836e-11,0.0,1,0.49110036343336105
rand_128,2.1316282072803006e-14,0.0,0.12850016355514526,0.28690043836832047,8.673279421411239e-14,0.0,4,0.3183996304869652,0.2093525495421141,156.6655511621344,1,1.9081002101302147,0.21017623117047377,166.37169550999224,1,2.479100599884987,0.20922275711741056,171.46591996420435,1,2.277899533510208,0.4379699040595555,100.5094526326432,1,21.58480044454336,1.5295976770040878e-11,0.0,1,0.4559997469186783
rand_129,1.0247593068766006e-13,0.0,0.23849960416555405,0.37110038101673126,2.842170943040401e-14,0.0,6,0.28060004115104675,0.002072414069670503,4.590886843392548,1,1.4152992516756058,0.0021332006814489455,1.8483059805776765,1,1.941000111401081,0.0021806523513872595,1.800911070884944,1,2.431299537420273,0.46958052163706276,25.370619076514703,1,20.541599951684475,8.987733679556355e-14,0.0,1,0.5444008857011795
rand_130,1.3330963383348915e-13,0.0,0.1183999702334404,0.30030030757188797,6.355287432313019e-14,0.0,4,0.25769975036382675,0.01834628031182222,12.463626828423003,1,1.5379004180431366,0.018303837976871132,9.41627805286855,1,1.5030000358819962,0.018284517383079395,9.278837378313249,1,1.8116999417543411,0.4758855716742578,74.42919417739628,1,15.25179948657751,2.813605685961325e-13,0.0,1,1.4217998832464218
rand_131,1.2710574864626038e-13,0.0,0.2798996865749359,0.6087999790906906,1.9691137908567693e-13,0.0,4,0.29930006712675095,0.0035718057887071655,1.6264058011248381,1,1.5658000484108925,0.0035747772618505464,0.2464241004976146,1,1.3981005176901817,0.00359340154104043,0.16018067842017655,1,2.8431005775928497,0.2614625874534306,114.89978021087524,1,21.921600215137005,7.958078640513122e-13,0.0,1,0.7276004180312157
rand_132,5.90221124448794e-14,0.0,0.34159980714321136,0.7772995159029961,1.5436939536357692e-13,0.0,2,0.31349994242191315,0.003453587739797652,138.20829865316296,1,1.9773002713918686,0.28018006039219606,60.87677779264848,1,1.0623997077345848,0.28822772799201624,17.595881055468528,1,1.4479998499155045,0.46879700351613385,33.130791306264086,1,34.45549961179495,1.5978968712889124e-11,0.0,1,0.6198994815349579
rand_133,8.038873388460929e-14,0.0,0.21110009402036667,0.3960002213716507,2.5421149729252077e-13,0.00434670577101264,4,0.30380021780729294,0.008209179083749176,56.02702670941746,1,2.690299414098263,0.005887608993434986,10.792062504840528,1,3.6626001819968224,0.009310937228619278,23.135136392137035,1,3.6392007023096085,0.29639205830674364,49.61265505358515,1,25.47360025346279,5.038344255932497e-13,0.0,1,1.078600063920021
rand_134,6.703246762680666e-14,1.2074182697257333e-06,0.2574995160102844,0.40659960359334946,1.4228607195221903e-13,0.00434670577101264,2,0.6067994982004166,0.0046149944244599774,50.05139620008248,1,2.6183994486927986,0.004031659539662945,10.416672475592382,1,3.5782000049948692,0.0038436975307428478,9.54391290273924,1,3.5520996898412704,0.12869253149883025,58.388069993249864,1,31.059599481523037,6.157352994009105e-12,0.0,1,0.6672004237771034
rand_135,1.0272197169172842e-13,0.0,0.13610068708658218,0.4094000905752182,1.4976278996213914e-13,0.0,4,0.34689996391534805,0.1464460653940109,69.0419087433901,1,2.321300096809864,0.14679481047398107,50.70198632871566,1,1.6013998538255692,0.14684619026552045,45.68789051875411,1,2.4121003225445747,0.4821075417505038,59.54536407183216,1,46.710800379514694,9.027249014816366e-13,0.0,1,0.8184993639588356
rand_136,1.1979548233460496e-13,0.0,0.36060065031051636,0.8226009085774422,3.627703406396163e-12,0.0,4,0.6860997527837753,0.2282194242458977,197.84716482116846,1,3.7450995296239853,0.013619381319272735,49.01578053094723,1,3.3644000068306923,0.0042404338811382674,8.695738892077415,1,3.417300060391426,0.3644565861724152,52.87450264084722,1,13.772199861705303,6.816168711897217e-10,0.0,1,1.8696999177336693
rand_137,1.632702903446565e-13,0.0,0.2966001629829407,0.5223006010055542,2.842170943040401e-14,0.0,4,0.4476001486182213,0.2669854641249651,111.31927040050832,1,3.866899758577347,0.3018405655533728,66.26406906091817,1,10.245299898087978,0.1270480764030078,25.58377229509415,1,5.316499620676041,0.4966572649794433,31.470858846039288,1,19.435999915003777,2.198782503608236e-12,0.0,1,1.3491995632648468
rand_138,7.791709393054201e-14,0.0,0.31240005046129227,0.7884996011853218,1.16157982605158e-13,0.0,4,0.6980998441576958,0.20591598162986458,33.6860347874191,1,2.115200273692608,0.20611346282885595,27.17866447258221,1,2.512899227440357,0.20624919603800154,25.893441948999822,1,2.5009000673890114,0.06545879491584723,18.678114862809306,1,25.638500228524208,3.713393141489773e-13,0.0,1,0.5721999332308769
rand_139,3.776586443654626e-14,0.0,0.21039973944425583,0.3812005743384361,7.105427357601002e-15,0.0,2,0.25449972599744797,0.0004383323593523813,12.11537393732884,1,2.4007000029087067,0.0005798504178485933,2.331925612292984,1,2.9669003561139107,0.0006588162039192091,1.5878153852775145,1,5.180099979043007,0.4706269420236244,70.31534015085069,1,41.490799747407436,8.988014541845436e-13,0.0,1,0.6025005131959915
rand_140,1.6633378991627446e-13,0.0,0.5490994080901146,1.1960994452238083,2.2914314707516465e-13,0.0,2,0.7019005715847015,0.11884815655992048,42.15368525600965,1,3.318900242447853,0.11851791799034302,37.244830820479976,1,1.9986005499958992,0.11824034912328452,38.028658872526044,1,2.4538999423384666,0.3335282941537421,179.44004837083344,1,31.859700568020344,9.35005127166504e-13,0.0,1,0.8754003793001175
rand_141,1.7053025658242404e-13,0.0,0.13149995356798172,0.34239981323480606,5.961788066145752e-13,0.0,2,0.16670022159814835,0.20168309457052724,130.6627619747688,1,0.9808996692299843,0.20489379647204925,129.81790661998656,1,2.2571999579668045,0.20637627060787045,132.88746411554172,1,3.4255003556609154,0.41347968331730617,178.6987118545711,1,19.91989929229021,1.9732118468834622e-12,0.0,1,0.4673004150390625
rand_142,1.312101383108156e-13,0.0,0.12170057743787766,0.27120020240545273,2.395909646692099e-13,0.0,4,0.21350011229515076,0.08281220673793621,27.644106238569222,1,0.995200127363205,0.08337096073902767,39.16080084929396,1,0.9220996871590614,0.08356884708704186,42.75766121159815,1,1.1587999761104584,0.4475104950530865,41.553692453168466,1,14.78589978069067,1.5972520254512757e-12,0.0,1,0.6217993795871735
rand_143,2.5460839292419616e-13,0.0,0.12869946658611298,0.4143994301557541,1.449228509952941e-13,0.0,4,0.3976002335548401,0.0332712666847209,64.27139864470503,1,3.2235998660326004,0.033177920994528785,13.918728127020774,1,2.7153007686138153,0.03331255343246723,3.255418559593671,1,2.513900399208069,0.2737149598392976,51.0784775490595,1,17.141500487923622,1.4210854715202004e-13,0.0,1,0.5302997305989265
rand_144,4.9227844771419234e-14,0.0,0.11979974806308746,0.2894001081585884,1.8198773652309366e-13,0.006147170253011476,4,0.20730029791593552,0.0012227815155150265,5.283972890849098,1,0.9725997224450111,0.0012205086405368058,3.4452599769107426,1,0.9318999946117401,0.0012178818683786841,3.147234107024365,1,1.1817999184131622,0.48693611081731447,63.87044456586317,1,20.704099908471107,4.601947842450148e-12,0.0,1,1.420300453901291
rand_145,1.3923737144427707e-13,1.2074182697257333e-06,0.291699543595314,0.47499965876340866,1.449228509952941e-13,0.00434670577101264,6,0.8314996957778931,0.003601506853208808,2.342378398147827,1,2.348499372601509,0.003584276656152049,0.5404268217639216,1,1.7525004222989082,0.0035753261499051727,0.8556830079648184,1,2.8147995471954346,0.2549811626641284,30.048683334301383,1,27.955200523138046,6.042538309847401e-13,0.00434670577101264,1,0.5535995587706566
rand_146,9.264343823933031e-14,0.0,0.3341995179653168,0.6574001163244247,2.2961087086140034e-13,0.0,4,0.6308006122708321,0.0007487395096390465,14.692935428514938,1,2.418600022792816,0.0011532176402129812,11.534076931605071,1,2.193199470639229,0.0015620092680041409,13.876557784298933,1,2.709999680519104,0.390182757772176,58.09017737557744,1,54.04969956725836,1.792189083969164e-11,0.0,1,0.7163994014263153
rand_147,3.3266757983254893e-13,1.2074182697257333e-06,0.12800004333257675,0.45289937406778336,2.8916994303251375e-13,0.0,4,0.238100066781044,0.17005702241255086,158.90617640064772,1,1.059199683368206,0.17306841988106628,139.91614290084988,1,2.1762996912002563,0.17474650574356596,139.76754519681413,1,2.848399803042412,0.41067973946321445,35.74470700558033,1,20.963000133633614,3.0231485083483004e-13,0.0,1,0.49510039389133453
rand_148,5.684341886080802e-14,0.0,0.1146998256444931,0.2939002588391304,2.0495186137532011e-13,0.0,6,0.25059934705495834,0.004346141702567813,3.1390830508830785,1,2.575499936938286,0.0043418082706684616,0.36043601358203037,1,4.059400409460068,0.0047275081672599655,0.4759990146089355,1,5.569799803197384,0.21214285457404783,25.245638694592614,1,23.58260005712509,1.2710574864626038e-13,0.0,1,1.5441998839378357
rand_149,1.6077746776921858e-13,0.0,0.2684006467461586,0.5709994584321976,1.0247593068766006e-13,0.00434670577101264,6,0.9090006351470947,8.42028123103188e-05,1.092857267461337,1,3.020799718797207,0.000103384268633989,0.2828700394846955,1,1.4594001695513725,0.00010889290814097694,0.3652267630964388,1,2.390500158071518,0.22635667719964217,95.36018210140986,1,32.25699998438358,1.9065862296939058e-13,0.0,1,0.6454996764659882
rand_150,1.718573603063735e-13,1.2074182697257333e-06,0.27170032262802124,0.7359003648161888,8.163514517232825e-14,0.0,4,0.571100041270256,0.0025400761027776983,39.1158504834267,1,2.1987995132803917,0.0023422702802042812,5.935598224766691,1,2.954999916255474,0.002300643562952025,10.476398653706815,1,2.9086004942655563,0.14979337277229793,39.92678795180528,1,40.51490034908056,2.2357608531020944e-12,0.0,1,1.0775001719594002
rand_151,0.0,0.0,0.3624996170401573,0.9246999397873878,5.684341886080802e-14,0.0,6,0.7295999675989151,0.027022300053059955,110.95988949864247,1,4.879000596702099,0.0376933679082343,94.12913438872916,1,4.691899754106998,0.04588504302414638,117.77629798051716,1,3.990400582551956,0.4429136016046465,115.31902901190414,1,16.81600045412779,2.842170943040401e-14,0.0,1,0.8014999330043793
rand_152,0.0,0.0,0.16489997506141663,0.4201997071504593,1.3923737144427707e-13,0.0,4,0.36090053617954254,0.08638028439488556,74.69177127329682,1,2.8018997982144356,0.12552015960149995,19.759273441381875,1,3.9772996678948402,0.4634881571182974,74.53672364725318,1,3.671000711619854,0.27004018049315365,81.22868824452259,1,9.600500576198101,1.8929797312633483e-12,0.0,1,0.4882998764514923
rand_153,2.602529487292624e-13,0.0,0.16940012574195862,0.6516994908452034,3.9552171671422596e-13,0.0,4,0.3602001816034317,0.007642174300446978,7.768630965183127,1,1.1234991252422333,0.0076747632355030765,8.536386779365,1,1.240200363099575,0.007696249012159771,9.177112715571393,1,2.780599519610405,0.39169202638107437,69.87937329092404,1,16.98299963027239,2.7335269123138234e-13,0.0,1,0.6397003307938576
rand_154,1.3202526486155396e-13,0.0,0.12850016355514526,0.31770020723342896,2.125995635591548e-13,0.0,8,0.29739923775196075,0.011835005723967226,13.452024176022714,1,1.0415995493531227,0.011696295675543089,7.429117842854537,1,0.9260997176170349,0.011571392542329872,6.033493793262709,1,1.3923998922109604,0.37001199780511296,46.83330664652109,1,24.270799942314625,1.4579118022114694e-13,0.0,1,0.42800046503543854
rand_155,2.842170943040401e-14,1.7075472925031877e-06,0.1191999763250351,0.2691997215151787,1.3406493525361332e-13,0.00434670577101264,6,0.24570059031248093,0.03817339812504676,85.12288147489723,1,1.0162992402911186,0.039207223494736626,81.79594015548835,1,0.907200388610363,0.03974973894759421,83.27635477000935,1,1.1614998802542686,0.39997728266616706,169.31953430768044,1,18.982400186359882,8.934480880011134e-12,0.00434670577101264,1,0.5393996834754944
rand_156,8.585520542392951e-14,0.0,0.2528997138142586,0.44300034642219543,1.0442802858320781e-13,0.0,4,0.3522997722029686,0.011889862286268973,50.52638715576345,1,2.0337002351880074,0.011486246799011795,22.448203734975625,1,1.7969999462366104,0.011045368944949495,19.640269571601667,1,1.8223002552986145,0.2186529418601139,42.02745638049562,1,31.6216005012393,9.507991093721743e-12,0.0,1,0.586499460041523
rand_157,8.644125458514252e-14,0.0,0.1354999840259552,0.36450009793043137,1.180442248897588e-13,0.0,4,0.25010015815496445,0.3301201687300181,170.92910755915824,1,1.106400042772293,0.334812158461883,128.147826881361,1,1.162099651992321,0.3379190621506269,125.37616701409718,1,1.7243996262550354,0.268061064942126,21.421670338006994,1,13.52709997445345,7.983414835273458e-13,0.0,1,0.5373992025852203
rand_158,5.684341886080802e-14,0.0,0.27449987828731537,0.4163002595305443,5.684341886080802e-14,0.0,4,0.35960040986537933,0.1398945037551411,29.27995665771904,1,2.1251002326607704,0.14002957679267328,7.955351542546228,1,1.7812000587582588,0.14014528308788637,5.669304209372619,1,1.5610000118613243,0.37408241281224314,109.02787902227544,1,16.012300737202168,4.632302700856448e-12,0.0,1,0.8799005299806595
rand_159,7.105427357601002e-14,1.2074182697257333e-06,0.14150049537420273,0.28220005333423615,8.644125458514252e-14,0.0,4,0.22559985518455505,0.13055863208746973,43.275149589638836,1,1.3592001050710678,0.15865289383485376,6.8938575387559835,1,2.0097000524401665,0.06405687554934988,2.053886321098936,1,2.5377003476023674,0.4830884909424102,141.05713081957117,1,38.0263002589345,1.898572317323256e-12,0.00434670577101264,1,0.5611991509795189
rand_160,5.684341886080802e-14,0.0,0.19299983978271484,0.7934002205729485,0.0,0.0,4,0.28300005942583084,0.030590257188136648,49.1237914932773,1,1.703900285065174,0.030425225992445595,46.92164620173963,1,1.2674005702137947,0.030321548061455858,49.47478720572862,1,1.1977003887295723,0.4301075956017857,39.022983425278795,1,12.156499549746513,1.2710574864626038e-13,0.0,1,0.6612995639443398
rand_161,1.180442248897588e-13,0.0,0.2194000408053398,0.40380004793405533,5.859285502108464e-14,0.0,8,0.31300075352191925,0.31653429761956786,108.45099838962619,1,1.6430001705884933,0.33204967491292575,138.76224564567843,1,1.4931000769138336,0.07805599472412592,53.44164173695162,1,2.5021005421876907,0.3567119020040708,129.7225199032515,1,24.61959980428219,9.33708309445092e-13,0.0,1,0.6586005911231041
rand_162,1.0845964142784046e-13,0.0,0.17530005425214767,0.6943000480532646,2.2311494473267974e-13,0.0,4,0.5010003224015236,0.003760793686318321,15.859836256972226,1,3.6511998623609543,0.00234120696359124,4.831896752297354,1,4.064199514687061,0.06748018904955799,68.00719429538466,1,5.829600617289543,nan,nan,1,50.14690011739731,2.9232630562512665e-11,0.0,1,0.5244007334113121
rand_163,1.24699744040301e-13,0.0,0.23899972438812256,0.40639936923980713,2.1738427649294117e-13,0.0,4,0.27120020240545273,0.16069209758291159,90.94968485590812,1,1.9102999940514565,0.1610279501281029,81.98076906706653,1,1.698100008070469,0.161254731021389,79.50627326361723,1,1.8069995567202568,0.12811379523008182,12.728489022640897,1,17.921200022101402,2.399068395126013e-13,0.0,1,0.60300063341856
rand_164,2.438983869173924e-13,0.0,0.15830062329769135,0.31400006264448166,5.695433295429594e-14,0.0,8,0.33590011298656464,0.10734824341186414,70.49848544302826,1,1.1920994147658348,0.10759226703483918,59.969144867587474,1,1.3624997809529305,0.10766766583268193,57.729668935362696,1,2.604999579489231,0.4342343457262456,89.88345560748131,1,31.678699888288975,6.834519954515513e-13,0.0,1,0.7025999948382378
rand_165,1.2710574864626038e-13,1.2074182697257333e-06,0.2633994445204735,0.4617003723978996,3.3152739283901284e-13,0.00434670577101264,2,0.29189977794885635,0.08406681925023804,50.840420977997155,1,2.392800524830818,0.0843700867452706,49.45868072872724,1,3.260199911892414,0.08452474766115642,52.649471416864436,1,5.000000819563866,0.20862628022285007,53.456159901155985,1,34.404899924993515,1.3197745560238665e-13,0.00434670577101264,1,0.5689002573490143
rand_166,1.214175959108492e-13,1.2074182697257333e-06,0.25200005620718,0.3843996673822403,0.0,0.006147170253011476,4,0.3817994147539139,0.1067289243388583,63.418516994430625,1,3.11919953674078,0.10652893505839589,47.90156151543746,1,2.573399804532528,0.10630623348007939,44.75445232312253,1,2.765299752354622,0.47705560250643975,41.28009746243288,1,18.65530014038086,8.817752329685581e-12,0.0,1,1.0228995233774185
rand_167,9.845568954283847e-14,0.0,0.13880059123039246,0.3407001495361328,8.038873388460929e-14,0.006147170253011476,6,0.2504996955394745,0.18419880545627434,26.393843157989657,1,1.18350051343441,0.18376681744486173,23.921535145349274,1,1.745699904859066,0.18349345660352326,23.814274829122233,1,4.184999503195286,0.47044134909784513,17.602994388249513,1,26.4079999178648,2.5421149729252077e-13,0.0,1,0.7872004061937332
rand_168,1.6587787186393757e-13,1.2074182697257333e-06,0.5951998755335808,0.9601004421710968,2.1481435592578144e-13,0.006147170253011476,2,0.6338004022836685,0.010837566413298604,24.38804562475416,1,1.5601003542542458,0.011134251314325643,27.346394907990188,1,1.863899640738964,0.011317719695365564,29.23224429351868,1,2.0476998761296272,0.46316379289050064,74.20084138638848,1,22.72910065948963,8.527104927509411e-13,0.00434670577101264,1,1.5912996605038643
rand_169,1.4561792860887974e-13,1.2074182697257333e-06,0.24280045181512833,0.4444001242518425,1.302446348448666e-13,0.0,4,0.37819985300302505,0.012832286473961082,30.780362995110128,1,2.301200293004513,0.013489870047165127,38.92254430035742,1,1.803399994969368,0.013917153231791053,43.52683170981773,1,2.413400448858738,0.338412902670208,37.24656316829265,1,25.7945004850626,1.2710574864626038e-13,0.0,1,0.7573999464511871
rand_170,8.526512829121202e-14,1.2074182697257333e-06,0.2805003896355629,0.5736993625760078,8.987733679556355e-14,0.0,6,0.6195995956659317,0.03681805479511027,77.90994595518622,1,2.379000186920166,0.03703768411033526,84.50590118038028,1,3.406200557947159,0.037136640406017975,86.69876153001492,1,4.177199676632881,0.2510263694867043,71.83685387455297,1,36.780900321900845,1.7112135109858138e-13,0.0,1,1.3026995584368706
rand_171,6.355287432313019e-14,0.0,0.471699982881546,0.5691992118954659,2.842170943040401e-14,0.0,2,0.47610048204660416,0.05273463310812466,144.52006679221614,1,2.209099940955639,0.053186067568558426,165.00573986615396,1,2.9318006709218025,0.05345508564575856,171.844788901854,1,2.757399342954159,0.44227513754224973,44.01865870271114,1,33.50530005991459,6.355287432313019e-14,0.0,1,0.547199510037899
rand_172,9.845568954283847e-14,1.2074182697257333e-06,0.12800004333257675,0.399099662899971,3.3898176189599563e-13,0.0,4,0.2796994522213936,0.0006165273288820366,7.118279824093732,1,2.357100136578083,0.00046340554312629493,1.2920322428403306,1,2.324100583791733,0.00043303391635822534,1.2058329029599144,1,2.910500392317772,0.4720221497526645,49.928842900926156,1,44.320800341665745,3.762849510486005e-11,0.00434670577101264,1,1.2514004483819008
rand_173,1.3869240899526244e-13,0.0,0.2964995801448822,0.6518000736832619,1.8087465124037088e-13,0.0,4,0.37060026079416275,0.40217399842866725,200.5449731612165,1,3.210100345313549,0.42199439926452426,77.52056151538633,1,3.041500225663185,0.14825276243783383,36.50059803743774,1,4.565100185573101,0.4057945035105035,72.87868502088223,1,46.851299703121185,6.902512174596464e-13,0.0,1,0.635799951851368
rand_174,1.0247593068766006e-13,0.0,0.3863004967570305,1.3338997960090637,1.2710574864626038e-13,0.0,2,0.33320020884275436,0.007627591627690618,8.166785787138553,1,2.568899653851986,0.007500829104578743,4.307372684100634,1,2.1088002249598503,0.007415910834070413,3.883138790529147,1,2.2134995087981224,0.20114175522789488,9.703555044108079,1,14.682200737297535,3.0212691549237007e-13,0.0,1,0.5927998572587967
rand_175,7.140866117879973e-14,0.0,0.2664998173713684,0.39900001138448715,2.842170943040401e-14,0.00434670577101264,4,0.4918007180094719,0.027769030148870076,65.09986642888025,1,2.3742998018860817,0.027109255356179404,70.9201895500972,1,2.1858997642993927,0.026667818693089602,73.54290276659854,1,3.096400760114193,0.47636506748055196,44.3531659667981,1,33.882600255310535,1.164531638732526e-12,0.0,1,1.1574998497962952
rand_176,1.3406493525361332e-13,0.0,0.215800479054451,0.7042000070214272,1.4210854715202004e-14,0.0,4,0.36629941314458847,0.005297423867991708,4.04560167963832,1,2.0843995735049248,0.00523644245186163,0.38288038650821216,1,2.014799974858761,0.0052256634616514,0.42133908501053613,1,5.120499990880489,0.38950366324981556,151.80481341845203,1,22.276800125837326,2.0495186137532011e-13,0.0,1,0.5262997001409531
rand_177,1.6140428288623166e-13,0.0,0.32739993184804916,0.5279006436467171,2.5421149729252077e-13,0.0,8,0.5853995680809021,0.0797003117711479,18.592881387299634,1,2.6354994624853134,0.07961198441229708,14.941712418062028,1,2.852899953722954,0.07949635097565441,15.476801001317304,1,1.7688004299998283,0.1357224104760025,36.37805717437618,1,17.815399914979935,8.198074455012805e-13,0.0,1,0.774899497628212
rand_178,1.2710574864626038e-13,1.7075472925031877e-06,0.29239989817142487,0.6067994982004166,1.2710574864626038e-13,0.007528715240946743,6,0.3829002380371094,0.34160505264202623,82.86582624148141,1,1.5564002096652985,0.3408848952104795,95.58546744944557,1,2.937300130724907,0.3404290637347919,99.53331353964204,1,3.284200094640255,0.3402203609287275,20.053769572252328,1,19.70759965479374,1.7053025658242404e-13,0.007528715240946743,1,0.5689999088644981
rand_179,0.0,0.0,0.26380084455013275,0.41010044515132904,0.0,0.0,6,0.6344998255372047,0.13383681727439717,57.521307176695466,1,2.444099634885788,0.13472223405389658,44.988463615137256,1,1.6339002177119255,0.13530013983217526,42.03678460841497,1,1.514599658548832,0.39157931641171706,29.215803669618477,1,21.052800118923187,2.842170943040401e-14,0.0,1,1.287899911403656
rand_180,1.7763568394002505e-13,0.0,0.1488998532295227,0.4204995930194855,2.1316282072803006e-14,0.00434670577101264,4,0.4802001640200615,0.08234210151084283,64.15001868579118,1,2.1435003727674484,0.08202656239933415,57.759971011134816,1,2.5057997554540634,0.0818054250504173,56.42713561610212,1,2.456200309097767,0.4736968305537014,14.457379941938042,1,21.449999883770943,1.4274837160962701e-12,0.0,1,0.5727997049689293
rand_181,1.2809491335957507e-14,0.0,0.24610012769699097,0.4626000300049782,6.513878973492186e-13,0.0,4,0.28190016746520996,0.006150121275871263,14.343086458548484,1,1.435999758541584,0.006137085743796022,8.798422901687237,1,1.2573003768920898,0.0023439545534608935,3.6625297430600607,1,1.9661998376250267,0.374603591824705,68.8086692718005,1,18.1357990950346,9.86788400517723e-12,0.0,1,0.4957001656293869
rand_182,1.4210854715202004e-14,1.7075472925031877e-06,0.11999998241662979,0.4161996766924858,6.355287432313019e-14,0.006147170253011476,4,0.4257000982761383,0.054688337708367514,47.35510827493679,1,1.86110008507967,0.05474017464817899,41.19339033439673,1,1.5916991978883743,0.054727067608084906,39.892223516690734,1,1.2640003114938736,0.2240663710079342,50.314730777632825,1,8.625299669802189,3.460569263860953e-13,0.00434670577101264,1,0.5950005725026131
rand_183,9.748946705210133e-14,1.7075472925031877e-06,0.1400001347064972,0.43770018965005875,6.3085803398729004e-12,0.00434670577101264,6,0.4679998382925987,0.1270040790867728,99.65333889494725,1,2.2411998361349106,0.1273708624666799,86.40974936438771,1,1.7214007675647736,0.1271663199746381,85.59125028049924,1,1.9221995025873184,0.1425087401275605,12.63795191161037,1,9.954500012099743,1.8084866835858128e-10,0.0,1,1.3868007808923721
rand_184,2.9876611110962357e-13,1.2074182697257333e-06,0.1512998715043068,0.3776000812649727,1.0345658394727079e-13,0.0,8,0.3176005557179451,0.03286412627966309,153.86909002692752,1,0.9674998000264168,0.03600281280246008,106.25693138706929,1,0.9105000644922256,0.036634107717712604,111.22133541184698,1,1.1428995057940483,0.17857792242440865,85.71216499053638,1,70.40360011160374,7.255194573968318e-13,0.0,1,0.9484998881816864
rand_185,6.355287432313019e-14,0.0,0.2910001203417778,0.49240048974752426,1.2710574864626038e-13,0.00434670577101264,6,0.7218001410365105,0.0007049172023005047,4.532503343596645,1,4.4074999168515205,0.0007777843001442102,1.505203393561636,1,2.708200365304947,0.0016008897444160586,3.223087458523253,1,3.2541006803512573,0.1532624546916522,37.78965281225906,1,45.49830034375191,6.456171315449266e-13,0.0,1,0.5796002224087715
rand_186,1.4228607195221903e-13,0.0,0.28949975967407227,0.4180995747447014,1.4210854715202004e-14,0.00434670577101264,2,0.22120028734207153,0.1643828068022879,169.7023455479259,1,2.391400747001171,0.1647806178600257,166.7265972310465,1,2.4100998416543007,0.16505443097466943,166.03076203232393,1,3.3445004373788834,0.24367288785378768,147.6571022312319,1,38.12919929623604,1.139086659085919e-13,0.0,1,0.602000392973423
rand_187,2.428351918216984e-13,0.0,0.13010017573833466,0.348399393260479,0.0,0.0,4,0.23330003023147583,0.32936262621947077,33.46790308501395,1,2.125200815498829,0.32882282084244274,32.285882443413136,1,3.8558999076485634,0.3284244848948778,32.158460449199886,1,2.7427999302744865,0.3283387742316929,39.219153426601615,1,21.6127997264266,1.6691554787969407e-12,0.00434670577101264,1,0.781799666583538
rand_188,2.604892696897332e-13,0.0,0.2630995586514473,1.3260003179311752,2.1268859807002749e-13,0.00434670577101264,6,0.5966005846858025,0.40934305253911335,75.94012785531491,1,3.4908000379800797,0.40876550088877994,81.70761430190704,1,1.6179997473955154,0.40839290578905774,83.38774152438762,1,1.953599974513054,0.44862279588117726,104.47495866227429,1,25.951399467885494,5.684341886080802e-14,0.00434670577101264,1,1.0534003376960754
rand_189,5.684341886080802e-14,0.0,0.3733998164534569,0.8559003472328186,8.987733679556355e-14,0.0,4,0.8830996230244637,0.00034821738454213154,118.07091385578299,1,3.154600039124489,0.4878100643991982,40.75558701857489,1,1.0387003421783447,0.011998782301787967,30.751185887418043,1,4.778600297868252,0.08588579894626101,33.71493299435171,1,42.602299712598324,3.2900507286485167e-13,0.0,1,0.8977996185421944
rand_190,8.526512829121202e-14,0.0,0.3786003217101097,2.0923996344208717,1.302446348448666e-13,0.006147170253011476,8,1.1097006499767303,0.005494486131240096,3.842554281745049,1,4.271100275218487,0.00555026838398753,2.1236137882841453,1,3.0028000473976135,0.005580095798451746,2.04369144327208,1,3.314100205898285,0.29968743687293764,52.55840753920863,1,41.52840003371239,1.0438934437051419e-12,0.0,1,0.7138997316360474
rand_191,2.7149799812125933e-13,1.2074182697257333e-06,0.24399999529123306,0.4259999841451645,0.0,0.006147170253011476,6,0.5535995587706566,0.12051629555951372,90.54132435507547,1,2.1383995190262794,0.12122783348403547,101.30821876620843,1,1.6003996133804321,0.12179171546841454,104.39073287868563,1,4.050800576806068,0.096906181426534,15.51034966428429,1,23.60210008919239,2.5736952517654053e-13,0.006147170253011476,1,0.7454995065927505
rand_192,1.3923737144427707e-13,0.0,0.23720040917396545,0.42979978024959564,0.0,0.0,4,0.3300001844763756,0.007206670546167739,5.211986608508034,1,4.135699942708015,0.007111787309668927,0.5081929260978709,1,4.755300469696522,0.015363341345865584,0.5767048293582053,1,4.4342996552586555,0.21012251253233644,21.01124734606456,1,31.130999326705933,5.85238816540084e-13,0.00434670577101264,1,0.6438996642827988
rand_193,1.302446348448666e-13,0.0,0.13429950922727585,0.4106992855668068,9.845568954283847e-14,0.00434670577101264,4,0.2557998523116112,0.010914473088914302,13.265847638909738,1,4.156899638473988,0.011005669435111167,6.06296277749873,1,3.306199796497822,0.011062522087914346,4.840501382996141,1,3.7313001230359077,0.07369435488317612,82.72047794521441,1,22.281000390648842,2.8421709430404007e-13,0.0,1,4.442799836397171
rand_194,2.3437142008433856e-13,1.7075472925031877e-06,0.20769983530044556,0.4664994776248932,1.2710574864626038e-13,0.006147170253011476,6,0.372299924492836,0.05097576738332639,47.10958020350535,1,1.8893992528319359,0.051043508775269905,58.54394279531433,1,2.740999683737755,0.05108413748672265,61.77551492744796,1,2.8345994651317596,0.2411106240952344,13.95221798513352,1,21.72399964183569,2.3437142008433856e-13,0.006147170253011476,1,0.6669992581009865
rand_195,4.687428401686771e-13,0.0,0.17060060054063797,0.331999734044075,4.889855783314162e-13,0.0,4,0.22689998149871826,0.004123735251757351,12.282127698598215,1,2.6684002950787544,0.0040395859279479356,2.2297668543750615,1,2.263600006699562,0.0040125310919904515,2.0737750125925727,1,5.190299823880196,0.30168411958751773,28.83087205527669,1,21.507500670850277,1.449228509952941e-12,0.0,1,0.4775002598762512
rand_196,1.56964020692204e-13,0.0,0.1466004177927971,0.2813003957271576,2.4980402928416293e-13,0.0,4,0.2731001004576683,0.0007247921031362241,15.53516413148575,1,1.0413005948066711,0.0006879193701411556,11.329224771474163,1,0.9386995807290077,0.0006839490150888152,11.461970533316656,1,1.1646002531051636,0.17378243593314152,17.004222424405224,1,22.189799696207047,1.56964020692204e-13,0.0,1,1.1127004399895668
rand_197,2.0097183471152322e-14,1.7075472925031877e-06,0.5309004336595535,0.9452998638153076,1.3855583347321954e-13,0.0,4,0.29509980231523514,0.003779611052885931,57.1613548791015,1,1.7324993386864662,0.06119169800625626,143.01346776994905,1,1.4762002974748611,0.002094939606355236,2.001689864269793,1,3.534499555826187,0.4971265758817064,137.4062123877073,1,53.45040000975132,4.056553446108632e-12,0.00434670577101264,1,0.9608995169401169
rand_198,1.0681799536181492e-13,0.0,0.3266995772719383,0.5147000774741173,5.728578676879116e-14,0.0,4,0.5032997578382492,0.0016493583250623437,12.284476489693978,1,3.866899758577347,0.0015140683124165027,4.679833890701264,1,2.4156002327799797,0.0014815293184762379,3.9805739797904525,1,6.110599264502525,0.34708641229414755,25.50807685177808,1,51.6975000500679,9.153984994741854e-11,0.0,1,0.6046993657946587
rand_199,1.0247593068766006e-13,0.0,0.23949984461069107,0.4047006368637085,2.481819080425819e-13,0.00434670577101264,6,0.46479981392621994,0.14254979429275377,127.56144022408883,1,1.9602002575993538,0.14611447445246062,119.17960577464399,1,1.8374994397163391,0.14832105057018577,119.92813320988459,1,4.011300392448902,0.48104471170852525,21.878905489915535,1,23.39059952646494,1.3560886351488548e-11,0.00434670577101264,1,0.5473997443914413
